Cuquío,El Salto,Guadalajara,Ixtlahuacán de los Membrillos,Ixtlahuacán del Río,Juanacatlán,San Cristóbal de la Barranca,Tlaquepaque,Tlajomulco de Zúñiga,Tonalá,Zapopan,Zapotlanejo
0.0,0.0,0.0,0.0,0.0,0.0,0.0,0.0,0.0,0.0,0.0,0.0
0.0,0.0,0.0,0.0,0.0,0.0,0.0,0.0,1.0912592104997692,0.0,0.0,0.0
0.0,0.0,0.0,0.0,0.0,0.0,0.0,0.0,0.0,0.0,0.0,0.0
0.0,0.0,0.0,0.0,0.0,0.0,0.0,0.0,0.0,0.0,0.0,0.0
0.0,0.0,0.0,0.0,0.0,0.0,0.0,0.0,0.0,0.0,0.0,0.0
0.0,0.0,0.0,0.0,0.0,0.0,0.0,0.0,0.0,0.0,0.0,0.0
0.0,0.0,0.0,0.0,0.0,0.0,0.0,0.0,0.0,0.0,0.0,0.0
0.0,0.0,0.0,0.0,0.0,0.0,0.0,0.0,0.0,0.0,0.0,0.0
0.0,0.0,0.0,0.0,0.0,0.0,0.0,0.0,0.0,0.0,0.0,0.0
0.0,0.0,0.0,0.0,0.0,0.0,0.0,0.0,0.0,0.0,0.0,0.0
0.0,0.0,0.0,0.0,0.0,0.0,0.0,0.0,0.0,0.0,0.0,0.0
0.0,0.0,0.0,0.0,0.0,0.0,0.0,0.0,0.0,0.0,0.0,0.0
0.0,0.0,0.0,0.0,0.0,0.0,0.0,0.0,0.0,0.0,0.0,0.0
0.0,0.0,0.0,0.0,0.0,0.0,0.0,0.0,0.0,0.0,0.0,0.0
0.0,0.0,0.0,0.0,0.0,0.0,0.0,0.0,0.0,0.0,0.0,0.0
0.0,0.0,0.0,0.0,0.0,0.0,0.0,0.0,0.0,0.0,0.0,0.0
0.0,0.0,0.0,0.0,0.0,0.0,0.0,0.0,0.0,0.0,0.0,0.0
0.0,0.0,0.0,0.0,0.0,0.0,0.0,0.0,0.0,0.0,0.0,0.0
0.0,0.0,0.0,0.0,0.0,0.0,0.0,0.0,0.0,0.0,0.0,0.0
0.0,0.0,0.0,0.0,0.0,0.0,0.0,0.0,0.0,0.0,0.0,0.0
0.0,0.0,0.0,0.0,0.0,0.0,0.0,0.0,0.0,0.0,0.0,0.0
0.0,0.0,0.0,0.0,0.0,0.0,0.0,0.0,0.0,0.0,0.0,0.0
0.0,0.0,0.0,0.0,0.0,0.0,0.0,0.0,0.0,0.0,0.0,0.0
0.0,0.0,0.0,0.0,0.0,0.0,0.0,0.0,0.0,0.0,0.0,0.0
0.0,0.0,0.0,0.0,0.0,0.0,0.0,0.0,0.0,0.0,0.0,0.0
0.0,0.0,0.0,0.0,0.0,0.0,0.0,0.0,0.0,0.0,0.0,0.0
0.0,0.0,0.0,0.0,0.0,0.0,0.0,0.0,0.0,0.0,0.0,0.0
0.0,0.0,0.0,0.0,0.0,0.0,0.0,0.0,0.0,0.0,0.0,0.0
0.0,0.0,0.0,0.0,0.0,0.0,0.0,0.0,0.0,0.0,0.0,0.0
0.0,0.0,1.9969218368298844,0.0,0.0,0.0,0.0,0.0,0.0,0.0,1.049150400284937,0.0
0.0,0.0,1.270080699132082,0.0,0.0,0.0,0.0,0.0,0.0,0.0,2.140960682314482,0.0
0.0,0.0,2.8740594944886557,0.0,0.0,0.0,0.0,0.0,0.0,0.0,0.2929482287255491,0.0
0.0,0.0,0.0,0.0,0.0,0.0,0.0,0.0,0.0,0.0,0.0,0.0
0.0,0.0,0.0,0.0,0.0,0.0,0.0,0.0,0.0,0.0,0.0,0.0
0.0,0.0,1.7452239647645658,0.0,0.0,0.0,0.0,0.0,0.0,0.0,1.6873894125477862,0.0
0.0,0.0,3.05894051460196,0.0,0.0,0.0,0.0,0.0,0.0,0.0,0.0,0.0
0.0,0.0,0.7547385910210719,0.0,0.0,0.0,0.0,0.0,0.0,0.0,0.0,0.0
0.0,0.0,0.0,0.0,0.0,0.0,0.0,0.0,0.0,0.0,0.0,0.0
0.0,0.0,0.0,0.0,0.0,0.0,0.0,0.0,0.0,0.0,0.0,0.0
0.0,0.0,0.0,0.0,0.0,0.0,0.0,0.0,0.0,0.0,0.0,0.0
0.0,0.0,0.0,0.0,0.0,0.0,0.0,0.0,0.0,0.0,0.0,0.0
0.0,0.0,1.674113679182334,0.0,0.0,0.0,0.0,0.0,0.0,0.0,0.0,0.0
0.0,0.0,0.0,0.0,0.0,0.0,0.0,0.0,0.0,0.0,0.0,0.0
0.0,0.0,0.0,0.0,0.0,0.0,0.0,0.0,0.0,0.0,0.0,0.0
0.0,0.0,0.0,0.0,0.0,0.0,0.0,0.0,0.0,0.0,0.0,0.0
0.0,0.0,2.3718240928527683,0.0,0.0,0.0,0.0,0.4619528395973074,0.0,0.0,0.500019333374542,0.0
0.0,0.0,0.0,0.0,0.0,0.0,0.0,0.0,0.0,0.0,0.0,0.0
0.0,0.0,0.0,0.0,0.0,0.0,0.0,0.0,0.0,0.0,0.0,0.0
0.0,0.0,0.0,0.0,0.0,0.0,0.0,0.0,0.0,0.0,0.0,0.0
0.0,0.0,0.0,0.0,0.0,0.0,0.0,0.0,0.0,0.0,0.0,0.0
0.0,0.0,0.0,0.0,0.0,0.0,0.0,0.0,0.0,0.0,0.0,0.0
0.0,0.0,0.0,0.0,0.0,0.0,0.0,0.0,0.0,0.0,0.0,0.0
0.0,0.0,0.0,0.0,0.0,0.0,0.0,0.0,0.0,0.0,0.0,0.0
0.0,0.0,2.1702167742333818,0.0,0.0,0.0,0.0,0.0,0.0,0.0,0.0,0.0
0.0,0.0,2.801886689845493,0.0,0.0,0.0,0.0,0.0,0.0,0.0,0.4073076976932768,0.0
0.0,0.0,2.3954091392952668,0.0,0.0,0.0,0.0,0.0,0.0,0.0,0.8970496100241783,0.0
0.0,0.0,1.0775813176438724,0.0,0.0,0.0,0.0,0.0,0.0,0.0,0.0,0.0
0.0,0.0,0.7388745204352561,0.0,0.0,0.0,0.0,0.0,0.0,0.0,1.615653867516665,0.0
0.0,0.0,1.055326115207128,0.0,0.0,0.0,0.0,0.70067843857384,0.0,0.0,2.414205587710796,0.0
0.0,0.0,0.4744479165505081,0.0,0.0,0.0,0.0,0.0,0.0,0.0,0.4418318739739451,0.0
0.0,0.0,2.606749308095584,0.0,0.0,0.0,0.0,0.0,0.0,0.0,0.1264424765882607,0.0
0.0,0.0,0.6470835703965685,0.0,0.0,0.0,0.0,0.3385304480535591,0.0,0.0,2.4700862012995164,0.0
0.0,0.0,0.0,0.0,0.0,0.0,0.0,0.0,0.0,0.0,1.437854638077032,0.0
0.0,0.0,0.0,0.0,0.0,0.0,0.0,0.0,0.0,0.0,0.0,0.0
0.0,0.0,2.18297118542049,0.0,0.0,0.0,0.0,1.0242084828384044,0.0,0.0,0.1101582182397726,0.0
0.0,0.0,0.0,0.0,0.0,0.0,0.0,0.0,0.0,0.0,0.0,0.0
0.0,0.0,0.0,0.0,0.0,0.0,0.0,0.0,0.0,0.0,0.0,0.0
0.0,0.0,0.917682154380588,0.0,0.0,0.0,0.0,0.0,0.0,0.0,1.3571492487139984,0.0
0.0,0.0,1.7546207012691446,0.0,0.0,0.0,0.0,0.0,0.0,0.0,0.5904927840670045,0.0
0.0,0.0,0.632105788995239,0.0,0.0,0.0,0.0,0.0,0.0,0.0,1.1625553659252756,0.0
0.0,0.0,1.630731736405045,0.0,0.0,0.0,0.0,0.0,0.0,0.0,0.297503160432379,0.0
0.0,2.2940128379186357,0.0,0.0,4.468424046609225,0.0,0.0,0.244460259669283,0.2803540535237568,0.554193577420057,0.3668371161491108,7.304083099760063
0.0,0.0,0.9316773070617737,0.0,0.0,0.0,0.0,0.0,0.0,0.0,2.4203128525151607,0.0
0.0,0.0,1.380541932401503,0.0,0.0,0.0,0.0,0.0,0.0,0.0,0.0,0.0
0.0,0.0,0.5639387540886296,0.0,0.0,0.0,0.0,0.0,0.0,0.0,0.0,0.0
0.0,0.0,0.0,0.0,0.0,0.0,0.0,0.0,0.0,0.0,0.0,0.0
0.0,0.0,0.0,0.0,0.0,0.0,0.0,0.0,0.0,0.0,2.143945963196177,0.0
0.0,0.0,0.0438811457439429,0.0,0.0,0.0,0.0,0.0,0.0,0.0,2.429088114558836,0.0
0.0,0.0,0.0,0.0,0.0,0.0,0.0,0.0,0.0,0.0,0.0,0.0
0.0,0.0,0.0,0.0,0.0,0.0,0.0,0.0,0.0,0.0,0.0,0.0
0.0,0.0,0.6514161685080558,0.0,0.0,0.0,0.0,0.0,0.0,1.1261987821088826,0.3881919301232607,0.0
0.0,0.0,0.0,0.0,0.0,0.0,0.0,0.0,0.0,0.0,1.3559645503414306,0.0
0.0,0.0,0.0,0.0,0.0,0.0,0.0,0.0,0.0,0.0,0.0,0.0
0.0,0.0,0.0,0.0,0.0,0.0,0.0,0.0,0.0,0.0,0.0,0.0
0.0,0.0,0.0809809426942577,0.0,0.0,0.0,0.0,0.0,0.0,0.0,1.6075836683782203,0.0
0.0,5.301230959117326,1.1198521913921655,0.0,0.0,0.0,0.0,0.3803324823743511,1.6632463920615588,0.0,0.0,0.0
0.0,0.0,0.0,0.0,0.0,0.0,0.0,0.0,0.0,0.0,0.0,0.0
0.0,0.0,0.0,0.0,0.0,0.0,0.0,0.0,0.0,0.0,0.0,0.0
0.0,1.573374150794244,0.2270226549298545,0.0,0.0,0.0,0.0,0.0,0.0528600109820007,0.1527186746097346,0.3203608728958151,3.8773888646626986
0.0,0.6518648465018583,0.8334099727758766,0.9289768863344916,0.0,3.111955799801017,0.0,1.0003050885154376,0.5807226016229088,1.2293019346059129,0.5840453478465873,1.4389125814881822
0.0,0.0,0.3838709754562748,0.0,0.0,0.0,0.0,0.5444882907618973,0.1535572927150782,1.4710325835114877,0.4335584919712151,0.0
0.0,0.0,0.1841618863391562,0.0,0.0,0.0,0.0,0.0,0.0,0.0,0.0440466029765997,0.0
0.0,0.0,1.3210285424604546,0.0,0.0,0.0,0.0,0.0,0.0,0.0,0.9672302763628352,0.0
0.0,0.0,1.3355937458121236,0.0,0.0,0.0,0.0,3.5703042183451417,0.0,0.0,0.0,0.0
0.0,0.0,0.0,0.0,0.0,0.0,0.0,0.0,0.0,0.0,0.0,0.0
0.0,0.0,0.0,0.0,0.0,0.0,0.0,0.0,0.0,0.0,3.721774087672317,0.0
0.822846447021979,0.5644564606893349,0.7067588192582146,0.9233234942464325,0.8297349551220482,0.0,0.0,0.7072502620161705,0.0,1.366381239312128,1.2536385243980093,0.0
0.0,0.0,0.0,0.0,0.0,0.0,0.0,0.0,0.0,0.0,1.0763597489800678,0.0
0.0,0.0,1.2244324523109316,0.0,0.0,0.0,0.0,0.0,0.0,0.0,2.0385051946343924,0.0
4.072545382021795,0.5938269637397812,0.4763850007299229,2.231066800251816,1.6899748718294658,0.0,0.0,1.0292918705289624,0.8084860944386749,2.219119954371423,0.5648848632383634,1.4787135190697205
0.0,0.4322373801363037,0.99769312999381,0.0,0.0,0.0,0.0,0.5803704502206685,0.0,2.984789858823309,1.2596393062976858,0.2023873067440676
0.0,0.0,0.0,0.0,0.0,0.0,0.0,0.0,0.0,0.0,0.0,0.0
0.0,0.0,0.0,0.0,0.0,0.0,0.0,0.0,0.0,0.0,0.0,0.0
0.0,0.0,0.0,0.0,0.0,0.0,0.0,0.0,0.0,0.0,0.0,0.0
0.0,0.0,0.0,0.0,0.0,0.0,0.0,0.0,0.0,0.0,0.0,0.0
0.0,0.0,1.2599200535390251,0.0,0.0,0.0,0.0,0.0,0.0,0.0,1.890794922182869,0.0
0.0,0.0,0.4291773486786794,0.0,0.0,0.0,0.0,0.0,0.0,0.0,2.150130834693773,0.0
0.0,0.0,0.0,0.0,0.0,0.0,0.0,0.0,0.0,0.0,0.0,0.0
0.0,0.0,0.0,0.0,0.0,0.0,0.0,0.0,0.0,0.0,0.0,0.0
0.0,0.0,0.400209051773175,0.0,0.0,0.0,0.0,0.0,0.0,0.0,0.0,0.0
0.0,0.0,1.145135106881437,0.0,0.0,0.0,0.0,3.13724237520372,0.0,0.0,0.9550509675693492,0.0
0.0,0.0,0.7037053113396791,0.0,0.0,5.745283703079622,0.0,0.9655918302518302,0.9387454704143328,0.0,0.868058316230385,0.5474033387595458
0.0,0.0,0.7141876041554684,0.0,0.0,0.0,0.0,0.9758916114465072,0.0,0.0,1.291834115818229,0.0
0.0,0.0,0.0,0.0,0.0,0.0,0.0,0.0,0.0,0.0,0.0,0.0
0.0,0.0,0.0,0.0,0.0,0.0,0.0,0.0,0.0,0.0,0.0,0.0
0.0,0.0,0.0,0.0,0.0,0.0,0.0,0.0,0.0,0.0,0.0,0.0
0.0,0.0,0.0,0.0,0.0,0.0,0.0,0.0,0.0,0.0,0.0,0.0
0.0,0.0,0.2207595512503022,0.0,0.0,0.0,0.0,0.0,0.3370211275388085,0.0,0.0,0.0
0.0,0.0,0.0,0.0,0.0,0.0,0.0,0.0,0.0,0.0,0.0,0.0
0.0,0.0,0.0,0.0,0.0,0.0,0.0,0.0,0.0,0.0,0.0,0.0
0.0,0.0,0.0,0.0,0.0,0.0,0.0,0.0,0.0,0.0,0.0,0.0
0.0,0.0,0.3684125437294331,0.0,0.0,0.0,0.0,1.1821384405023552,0.0,1.6905540720484815,0.0,0.0
0.0,0.0,0.0,0.0,0.0,0.0,0.0,0.0,0.0,0.0,0.0,0.0
0.0,0.0,0.0,0.0,0.0,0.0,0.0,0.0,0.0,0.0,0.0,0.0
0.0,0.0,0.2947794176788619,0.0,0.0,0.0,0.0,0.0,0.0,0.0,0.1531425466840441,0.0
0.0,0.0,0.0,0.0,0.0,0.0,0.0,0.0,0.0,0.0,1.3513418292823718,0.0
0.0,0.0,0.0,0.0,0.0,0.0,0.0,0.0,0.0,0.0,1.20625741239932,0.0
0.0,0.0,0.0,0.0,0.0,0.0,0.0,0.0,0.0,0.0,0.0,0.0
0.0,0.0,0.0,0.0,0.0,0.0,0.0,0.0,0.0,0.0,0.0,0.0
0.0,0.0,2.645310193445092,0.0,0.0,0.0,0.0,0.0,0.0,0.0,0.0,0.0
0.0,0.0,0.0,0.0,0.0,0.0,0.0,0.0,0.0,0.0,0.0,0.0
0.0,0.0,0.0,0.0,0.0,0.0,0.0,0.2896573941425946,0.3001268204335537,1.1865593110226516,0.1946380271347206,0.0
0.0,0.0,0.793270021510583,0.0,0.0,0.0,0.0,0.0,0.0,0.0,3.0203081627830195,0.0
0.0,0.0,1.6854032336418612,0.0,0.0,0.0,0.0,0.0,0.0,0.0,1.1880838635317776,0.0
0.0,0.0,1.2229601050322036,0.0,0.0,0.0,0.0,0.0,0.0,0.0,0.6491902247121344,0.0
0.0,0.0,1.3286307285644878,0.0,0.0,0.0,0.0,0.0,0.0,0.0,0.0,0.0
0.0,0.0,2.1050773433819945,0.0,0.0,0.0,0.0,0.0,0.0,0.0,0.0,0.0
0.0,0.0,0.9309818957484228,0.0,0.0,0.0,0.0,0.0,0.0,0.0,0.0,0.0
0.0,0.0,1.1230892710615892,0.0,0.0,0.0,0.0,0.0,0.0,0.0,0.0,0.0
0.0,0.0,0.0,0.0,0.0,0.0,0.0,0.0,0.0,0.0,0.0,0.0
0.0,0.0,0.0,0.0,0.0,0.0,0.0,0.0,0.0,0.0,0.0,0.0
0.0,0.0,0.0,0.0,0.0,0.0,0.0,0.0,0.0,0.0,0.0,0.0
0.0,0.0,0.2122341835168781,0.0,0.0,0.0,0.0,0.0,0.0,0.0,0.0877278118108596,0.0
0.0,0.0,0.4596335488262013,0.0,0.0,0.0,0.0,0.0,0.0,0.0,0.0,0.0
0.0,0.0,1.006250770594177,0.0,0.0,0.0,0.0,0.1352069055793497,0.0,0.0,1.2490906605864058,0.0
0.0,0.0,0.803500503835538,0.0,0.0,0.0,0.0,0.9085720412276166,0.0,0.0,0.4020521144972346,0.0
0.0,0.0,0.8511834475414152,0.0,0.0,0.0,0.0,0.8112955781179207,0.3330755257202809,1.665393651912643,0.4109380489118474,6.165427604593929
0.0,0.0,0.5964446204899444,0.0,0.0,0.0,0.0,0.2470320184578711,0.5461409281931302,0.8523089144825908,0.714607125223738,17.143612362844628
0.0,0.0,2.349266315214306,0.0,0.0,0.0,0.0,0.0,0.0,0.0,0.0,0.0
0.0,0.0,0.2235379606824509,0.0,0.0,0.0,0.0,0.0433318973508555,0.5268923248498198,0.0,1.6740659688807291,0.7933137617099881
0.0,0.0,2.6514091137801903,0.0,0.0,0.0,0.0,0.0,0.0,0.0,0.0,0.0
0.0,0.0,1.813701827912572,0.0,0.0,0.0,0.0,0.0342212681577863,0.0,0.3092311802876497,0.7599667867918588,0.0
0.0,0.0,1.5454299469423816,0.0,0.0,0.0,0.0,0.1224597099045918,0.0,0.0,0.1854489656627824,0.0
0.0,0.0,2.3857839798304386,0.0,0.0,0.0,0.0,0.0317449797442165,0.0,1.7670260218580744,0.4370323225742458,0.0
0.0,0.0,1.356619166578609,0.0,0.0,0.0,0.0,0.0,0.0,0.0,0.0,0.0
0.0,0.0,2.3952391354939087,0.0,0.0,0.0,0.0,0.0,0.0,0.0,0.1041237723426422,0.0
0.0,0.0,2.055288136608376,0.0,0.0,0.0,0.0,0.2393166879834833,0.0,0.93154714075673,0.0,0.0
0.0,0.0,1.1115336172245494,0.0,0.0,0.0,0.0,0.46669965024686,0.0,0.0,0.0,0.0
0.0,0.0,0.0,0.0,0.0,0.0,0.0,0.0,0.0,0.0,0.0,0.0
0.0,0.0,0.0,0.0,0.0,0.0,0.0,0.0,0.0,0.7440489633538383,0.0,0.0
0.0,0.0,0.0,0.0,0.0,0.0,0.0,0.0,0.0,0.0,0.0,0.0
0.0,0.0,0.0,0.0,0.0,0.0,0.0,0.0,0.0,0.0,0.0,0.0
0.0,0.3493272464532797,0.4335162434030102,0.0,2.577694135661583,0.0,0.0,0.855769628554315,0.2903743547806114,2.2160811237465743,0.9715667323219096,0.0
0.0,0.0,0.5608057610103594,0.0,0.0,0.0,0.0,3.438566604362684,0.0,1.306494864911314,1.017861936535499,0.0
0.0,0.0,0.0,0.0,0.0,0.0,0.0,0.0,0.0,0.0,0.0,0.0
0.0,0.0,0.1630156387091954,0.0,0.0,0.0,0.0,1.810023611912697,0.0,7.483769388634201,0.881265745918181,0.0
0.0,0.0,0.0,0.0,0.0,0.0,0.0,0.0,0.0,0.0,0.6743598751373906,0.0
0.0,0.0,0.1366193476020483,0.0,0.0,0.0,0.0,0.0,0.0,0.0,1.2777393331340947,0.0
0.0,0.0,0.0,0.0,0.0,0.0,0.0,0.0,0.0,0.0,0.0,0.0
0.0,0.0,0.0,0.0,0.0,0.0,0.0,0.0,0.0,0.0,0.0,0.0
0.0,0.0,0.0,0.0,0.0,0.0,0.0,0.0,0.0,0.0,0.0,0.0
0.0,8.260404657568245,0.7314681363166226,0.0,0.0,0.0,0.0,1.4437739936297995,0.3083897908603755,0.4489402417406853,1.3936621690090705,0.0
0.0,0.0,0.8598514381841331,0.0,0.0,0.0,0.0,0.0,0.0,0.0,0.0,0.0
0.0,0.0,0.660453065652696,0.0,0.0,0.0,0.0,0.0,0.0,0.0,0.0,0.0
0.0,0.0,0.0,0.0,0.0,0.0,0.0,0.0,0.0,0.0,2.413747946651404,0.0
0.0,0.0,0.0,0.0,0.0,0.0,0.0,0.4341204266038242,5.13419966099036,2.680064569877485,0.4064036855405668,0.0
0.0,0.0,2.584013189296481,0.0,0.0,0.0,0.0,0.0,0.0,0.0,0.0,0.0
0.0,0.3564248671411327,1.2802938051774175,0.0,0.0,0.0,0.0,0.0,0.4761595384590975,0.1789457519784297,0.0,0.4316107080416267
0.0,0.0,2.659948273566922,0.0,0.0,0.0,0.0,0.0,0.0,0.0,0.0,0.0
0.0,0.0,0.0,0.0,0.0,0.0,0.0,0.0,0.0,0.0,0.0,0.0
0.0,0.0,0.769720364169724,0.0,0.0,0.0,0.0,0.0,0.0,0.0,0.0,0.0
0.0,0.0,0.0,0.0,0.0,0.0,0.0,2.2326495891142044,0.0,0.0,0.0,0.0
0.0,0.0,0.0,0.0,0.0,0.0,0.0,0.7823814799460032,0.0,0.0,0.0,0.0
0.0,0.0,0.2250115289071024,0.0,0.0,0.0,0.0,0.0,0.0,0.0,0.8768856974792238,0.0
0.0,0.0,0.2433248136615196,0.0,0.0,0.0,0.0,0.0,4.56483951980278,0.0,0.0,0.0
0.0,0.0,0.0,0.0,0.0,0.0,0.0,0.0,0.0,0.0,0.0,0.0
0.0,0.0,0.0,0.0,0.0,0.0,0.0,0.0,0.0,0.0,0.0,0.0
0.0,0.0,0.0,0.0,0.0,0.0,0.0,0.0,0.0,0.0,0.0,0.0
0.0,0.0,0.0,0.0,0.0,0.0,0.0,0.0,0.0,0.0,1.3337276892922807,0.0
0.0,0.0,0.0,0.0,0.0,0.0,0.0,0.0,0.0,0.0,1.0508454096814823,0.0
0.0,0.0,0.0,0.0,0.0,0.0,0.0,0.0,0.0,0.0,0.0,0.0
0.0,1.6943368663691332,0.9667155622818964,0.0,0.0,0.0,0.0,0.0,1.1383243774584495,0.0,0.0,0.0
0.0,0.0,1.6047606356491295,0.0,0.0,0.0,0.0,1.5746665229292978,0.0,0.4760913393424427,0.0,0.0
0.0,0.0,1.4664583740413897,0.0,0.0,0.0,0.0,0.0,0.0,0.0,0.0,0.0
0.0,0.0,1.2202291253538269,0.0,0.0,0.0,0.0,1.165755849282056,0.0,0.1186592516354017,0.2305880876569931,0.0
0.0,0.0,0.4347955648895823,0.0,0.0,0.0,0.0,0.176920435163669,0.0,0.268580488446821,3.961425545228406,0.0
0.0,0.0,0.0,0.0,0.0,0.0,0.0,0.0,0.0,0.0,0.0,0.0
0.0,0.0,0.0,0.0,0.0,0.0,0.0,0.0,0.0,0.0,0.0,0.0
0.0,0.0,0.0,0.0,0.0,0.0,0.0,0.0,0.0,0.0,0.0,0.0
0.0,0.0,0.0,0.0,0.0,0.0,0.0,0.0,0.0,0.0,0.0,0.0
0.0,1.6693105310482237,0.5007656426188488,0.0,0.0,0.0,0.0,2.251828929590781,0.0,0.0,0.0,0.0
0.0,0.0,0.6962513857862671,0.0,0.0,0.0,0.0,0.3152880590827177,0.0,0.0,1.024855065215795,0.0
0.0,0.893688114390329,0.8092397698031155,0.0,0.0,0.0,0.0,2.0587172306763715,0.9758634556979684,0.2519745381602875,0.8900518407650351,0.0
0.0,0.0,0.726814378469474,0.0,0.0,0.0,0.0,2.4877791273489644,0.0,0.0,1.3619561527826431,0.0
0.0,0.0,0.0,0.0,0.0,0.0,0.0,0.0,0.0,0.0,1.8607127762809377,0.0
0.0,0.0,0.7518133369221408,0.0,0.0,0.0,0.0,0.0,0.0,0.8210064086162424,0.6849776765508442,0.0
0.0,0.0,0.0,0.0,0.0,0.0,0.0,0.0,0.0,0.0,4.158635694495557,0.0
0.0,0.0,0.5470329457105546,0.0,0.0,0.0,0.0,3.5755185448103064,6.970683108528539,0.0,0.4711159496079379,0.0
0.0,0.0,1.2163315975793396,0.0,0.0,0.0,0.0,0.8294365206532572,0.2640035512647323,4.352638774853975,1.869909150500746,0.0
0.0,0.0,0.2941554535486309,0.0,0.0,0.0,0.0,0.1525908800617035,0.0,0.0,0.3348014109210606,0.0
0.0,4.634383274739605,0.7231734368760069,0.0,0.0,0.0,0.0,0.9519329012114754,1.6225186455123977,0.2783724854214447,1.3286338360250836,0.0
0.0,0.960952679512677,0.2172271289958516,0.0,0.0,0.0,0.0,2.102890462847274,0.260302305084359,0.4827278115511371,2.760827019704672,0.0
0.0,0.0,0.6763604989913425,0.0,0.0,0.0,0.0,3.0270568507618085,3.346755441072268,0.0,1.1277214206241128,0.0
0.0,0.0,0.8032319990723515,0.0,0.0,0.0,0.0,0.574810883225635,0.0,0.0,2.1761868419612225,0.0
0.0,0.0,0.0,0.0,0.0,0.0,0.0,0.0,0.0,0.0,0.0,0.0
0.0,0.0,0.0,0.0,0.0,0.0,0.0,0.0,0.0,0.0,0.0,0.0
0.0,0.0,0.1676131788822992,0.0,0.0,0.0,0.0,0.0,0.0,0.0,0.0,0.0
0.0,0.0,1.094046906538261,0.0,0.0,0.0,0.0,3.1804368677613604,0.0,0.0,0.5322381281269014,0.0
0.0,0.0,0.0,0.0,0.0,0.0,0.0,0.0,0.0,0.0,0.0,0.0
0.0,0.0,0.0,0.0,0.0,0.0,0.0,0.0,0.0,0.0,0.0,0.0
0.0,0.0,0.0152413578206375,0.0,0.0,0.0,0.0,0.0,0.0,0.0,0.0,0.0
0.0,0.0,0.0,0.0,0.0,0.0,0.0,0.0,0.0,0.0,0.0,0.0
0.0,0.0,0.0,0.0,0.0,0.0,0.0,0.0,0.0,0.0,0.0,0.0
0.0,0.0,0.9027703231499856,0.0,0.0,0.0,0.0,0.0,0.0,0.0,0.0,0.0
0.0,0.0,0.0,0.0,0.0,0.0,0.0,0.0,0.0,0.0,2.171690588155517,0.0
0.0,0.0,0.0,0.0,0.0,0.0,0.0,0.0,0.0,0.0,0.8169036408792127,0.0
0.0,0.0,0.2764102874640325,0.0,0.0,0.0,0.0,4.708428304012393,0.0,19.586690540496832,0.0,0.0
0.0,0.0,0.9143572190386294,0.0,0.0,0.0,0.0,0.0,0.0,7.552366560999196,0.658554565563858,0.0
0.0,0.0,0.0,0.0,0.0,0.0,0.0,0.0,0.0,0.0,0.0,0.0
0.0,0.0,0.3844834322701278,0.0,0.0,0.0,0.0,0.0,2.9638378331473123,0.0,1.298909077679406,0.0
0.0,0.3704268739960106,0.0,0.0,0.0,0.0,0.0,2.8279419386141105,0.3819682529183728,1.3663004733500577,1.3058917738454578,0.0
0.0,0.0,0.0,0.0,0.0,0.0,0.0,0.0,0.0,0.0,0.0,0.0
0.0,0.0,0.0,0.0,0.0,0.0,0.0,0.0,0.0,1.827265545330509,0.0,0.0
0.0,0.0,0.0,0.0,0.0,0.0,0.0,0.0,0.0,0.0,0.0,0.0
0.0,0.0,0.0,0.0,0.0,0.0,0.0,0.1720420008258227,0.0,23.505714371084085,0.076130286951047,0.0
0.0,0.0,0.0,0.0,0.0,0.0,0.0,0.0,0.0,0.0,0.0,0.0
0.0,0.59217236448607,0.0,0.0,0.0,0.0,0.0,0.0,1.6494742010256709,1.9595071565081896,0.8444332576373945,3.4029076888131917
0.0,0.0,0.0,0.0,0.0,0.0,0.0,0.0,0.0,0.0,0.0,0.0
0.0,0.0,0.0,0.0,0.0,0.0,0.0,0.0,0.0,0.0,0.0,0.0
0.0,0.0,1.918482439647675,0.0,0.0,0.0,0.0,0.0,0.0,0.0,0.0,0.0
0.0,0.0,1.0947988225277472,0.0,0.0,0.0,0.0,0.0,0.0,0.0,0.0,0.0
0.0,0.0,0.0,0.0,0.0,0.0,0.0,0.0,0.0,0.0,0.9737758775148893,0.0
0.0,0.0,0.0,0.0,0.0,0.0,0.0,0.0,0.0,0.0,0.0,0.0
0.0,0.0,0.0,0.0,0.0,0.0,0.0,0.0,0.0,0.0,0.0,0.0
0.0,0.0,0.0,0.0,0.0,0.0,0.0,0.0,0.0,0.0,0.0,0.0
0.0,0.0,0.0,0.0,0.0,0.0,0.0,0.0,0.0,0.0,0.0,0.0
0.0,0.0,0.0,0.0,0.0,0.0,0.0,0.0,0.0,0.0,0.0,0.0
0.0,0.0,0.9849649729557332,0.0,0.0,0.0,0.0,0.7185136040320438,0.0,0.0,0.2170691420643138,0.0
0.0,0.0,0.2005862632525875,0.0,0.0,0.0,0.0,2.4240999952425346,0.0,0.0,0.0,0.0
0.0,0.0,0.32231730372062,0.0,0.0,0.0,0.0,0.4366780353186994,0.0,0.0,1.288626598897874,0.0
0.0,0.0,0.1807251507532886,0.0,0.0,0.0,0.0,0.0,0.0,0.0,0.0,0.0
0.0,0.0,1.9615627515160552,0.0,0.0,0.0,0.0,0.0,0.0,0.0,0.0,0.0
0.0,3.1746431171005867,0.4084380800746936,0.0,0.0,0.0,0.0,1.0802198842436297,6.849841202509489,0.9884456166836326,0.869925929334675,0.0
2.0806939775086657,0.710554690788287,0.4443049819363026,0.0,0.0,2.177485250525136,0.0,1.047037351294002,0.5247236732706632,2.55880191894036,0.8962380567449681,1.3773087758666496
0.0,0.0,0.0935455814862984,0.0,0.0,0.0,0.0,0.0,0.0,0.0,0.0,0.0
0.0,0.0,2.3693827375815184,0.0,0.0,0.0,0.0,1.7901949117408549,0.0,0.0,0.0,0.0
0.0,0.0,0.0325707951865337,0.0,0.0,0.0,0.0,0.0,0.0,0.0,0.0,0.0
0.0,0.0,0.857540822588467,0.0,0.0,0.0,0.0,2.5299903500956606,0.0,0.3210061093148191,0.8938752716944347,0.0
0.0,0.0,0.6892527979063241,0.0,0.0,0.0,0.0,2.415008037799428,0.0,1.5986296271460834,1.0148174840832491,0.0
0.0,1.2205391789379236,1.1492191186085317,0.0,1.590197757625512,3.1828288706567243,0.0,2.578827516464086,0.5321111068594024,0.0,0.6013988335267291,0.0
0.0,0.0,2.5280934493531664,0.0,0.0,0.0,0.0,1.185670902598582,0.0,0.0,0.3664369596429549,0.0
0.0,0.0,2.071788292177577,0.0,0.0,0.0,0.0,1.204673261641112,0.0,1.0996693687765624,0.4910373713418646,0.0
0.0,10.442448682343416,1.9960883019012792,0.0,0.0,0.0,0.0,0.0,0.0,0.0,0.0,0.0
0.0,0.0,0.0,0.0,0.0,0.0,0.0,0.0,0.0,0.0,0.0,0.0
0.0,0.0,0.0,0.0,0.0,0.0,0.0,0.0,0.0,0.3542431628253495,0.0,0.0
0.0,0.0,0.0,0.0,0.0,0.0,0.0,0.0,0.0,0.0,0.0,0.0
0.0,0.0,0.0,0.0,0.0,0.0,0.0,0.0,0.0,0.0,0.0,0.0
0.0,0.0,0.0,0.0,0.0,0.0,0.0,0.0,0.0,0.0,0.0,0.0
0.0,0.0,0.0,0.0,0.0,0.0,0.0,0.0,0.0,0.0,0.0,0.0
0.0,0.0,0.0,0.0,0.0,0.0,0.0,0.0,0.0,0.0,0.0,0.0
0.0,0.0,0.0,0.0,0.0,0.0,0.0,0.0,0.0,0.0,0.0,0.0
0.0,0.0,0.605264296135696,0.0,0.0,0.0,0.0,0.8843506301759325,0.0,0.8021349342949686,1.688396577191586,0.0
0.0,0.0,1.3552268102666911,0.0,0.0,0.0,0.0,0.0,0.0,0.0,0.0,0.0
0.0,0.0,0.0,0.0,0.0,0.0,0.0,0.0,0.0,0.0,0.0,0.0
0.0,0.0,0.0,0.0,0.0,0.0,0.0,1.654105053849951,0.0,0.0,1.0279037656305046,0.0
0.0,0.0,1.42097842244053,0.0,0.0,0.0,0.0,4.787687360846044,0.0,0.0,0.7169813443218418,0.0
0.0,0.0,1.6156375957404725,0.0,0.0,0.0,0.0,0.2975253515287618,0.0,0.0,0.0,0.0
0.0,0.0,1.4855429130965132,0.0,0.0,0.0,0.0,2.978360829663897,0.0,0.0,0.0,0.0
0.0,0.0,0.0,0.0,0.0,0.0,0.0,0.0,0.0,0.0,0.0,0.0
0.0,0.0,0.0,0.0,0.0,0.0,0.0,0.0,0.0,0.0,0.0,0.0
0.0,0.0,2.402178490463383,0.0,0.0,0.0,0.0,0.0,0.0,0.0,0.1527047412705365,0.0
0.0,0.0,1.7928790238361487,0.0,0.0,0.0,0.0,0.0,0.0,0.0,0.5924064180894438,0.0
0.0,0.0,0.0,0.0,0.0,0.0,0.0,0.0,0.0,0.0,0.0,0.0
0.0,0.0,0.535314590055343,0.0,0.0,0.0,0.0,0.0,0.0,0.0,1.8075127642842688,0.0
0.0,0.0,0.0,0.0,0.0,0.0,0.0,0.0,0.0,0.0,0.0,0.0
0.0,13.11544850635666,0.143006341047526,0.0,0.0,0.0,0.0,0.0,0.0,0.0,2.1858304604430137,0.0
0.0,0.0,0.0,0.0,0.0,0.0,0.0,0.0,8.083254368495133,0.0,0.0,0.0
0.0,0.0,0.0,0.0,0.0,0.0,0.0,0.0,0.0,0.0,0.0,0.0
0.0,0.0,0.0,0.0,0.0,0.0,0.0,0.0,0.0,0.0,0.0,0.0
0.0,0.0,0.0,0.0,0.0,0.0,0.0,0.0,0.0,0.0,0.0,0.0
0.0,0.0,0.0,0.0,0.0,0.0,0.0,0.0,0.0,0.0,0.0,0.0
0.0,0.0,0.0096902002794439,0.0,0.0,0.0,0.0,0.2562098402991003,2.6904858329606096,0.0,3.7723706917882014,0.0
0.0,0.0,0.0,0.0,0.0,0.0,0.0,0.0,0.0,0.0,0.0,0.0
0.0,0.0,0.0,0.0,0.0,0.0,0.0,0.0,0.0,0.0,0.0,0.0
0.0,0.0,0.0,0.0,0.0,0.0,0.0,0.0,0.0,0.0,0.0,0.0
0.0,0.0,0.0,0.0,0.0,0.0,0.0,0.0,0.0,3.4381443813455626,0.0,0.0
0.0,0.0,0.0,0.0,0.0,0.0,0.0,0.0,0.0,0.0,0.0,0.0
0.0,0.0,0.0,0.0,0.0,0.0,0.0,0.0,0.0,0.0,0.0,0.0
0.0,0.0,0.0,0.0,0.0,0.0,0.0,0.0,0.0,0.0,0.0,0.0
0.0,0.0,0.0,0.0,0.0,0.0,0.0,0.0,0.0,0.0,2.6682420201804384,0.0
0.0,0.0,0.0,0.0,0.0,0.0,0.0,0.0,0.0,0.0,0.0,0.0
0.0,0.0,0.0,0.0,0.0,0.0,0.0,0.0,0.0,0.0,0.0,0.0
0.0,0.0,0.3376752516119047,0.0,0.0,0.0,0.0,0.0,0.0,0.0,0.0,0.0
0.0,0.0,0.0,0.0,0.0,0.0,0.0,0.0,0.0,0.0,0.0,0.0
0.0,0.0,0.0,0.0,0.0,0.0,0.0,0.0,0.0,0.0,0.0,0.0
0.0,0.0,0.0,0.0,0.0,0.0,0.0,0.0,0.0,0.0,0.0,0.0
0.0,0.0,0.0,0.0,0.0,0.0,0.0,0.0,0.0,0.0,0.0,0.0
0.0,0.0,0.0,0.0,0.0,0.0,0.0,6.202562202026798,0.0,0.6431710854502694,1.1023775485944032,0.0
0.0,0.0,0.0,0.0,0.0,0.0,0.0,0.0,0.0,0.0,0.0,0.0
0.0,0.0,0.0,0.0,0.0,0.0,0.0,0.0,0.0,0.0,0.0,0.0
0.0,0.0,0.1973510009420619,0.0,0.0,0.0,0.0,2.725716123682849,0.0,0.0,0.0,0.0
0.0,0.0,0.0,0.0,0.0,0.0,0.0,0.0,0.0,0.0,0.0,0.0
0.0,0.0,0.0,0.0,0.0,0.0,0.0,0.0,0.0,0.0,0.0,0.0
0.0,0.0,0.0818645960174153,0.0,0.0,0.0,0.0,0.0,0.0,0.0,0.0,0.0
0.0,0.0,1.707803552048008,0.0,0.0,0.0,0.0,0.7051092350130646,0.0,0.0,0.0,0.0
0.0,0.0,1.1288286230533549,0.0,0.0,0.0,0.0,0.0,0.0,0.0,0.0,0.0
0.0,0.0,0.0,0.0,0.0,0.0,0.0,0.0,0.0,0.0,0.0,0.0
0.0,0.0,0.0,0.0,0.0,0.0,0.0,0.0,0.0,0.0,0.0,0.0
0.0,0.0,0.0,0.0,0.0,0.0,0.0,0.0,0.0,0.0,0.0,0.0
0.0,0.0,0.0,0.0,0.0,0.0,0.0,0.0,0.0,0.0,0.0,0.0
0.0,0.0,1.922762609178375,0.0,0.0,0.0,0.0,0.0,0.0,0.0,0.0,0.0
0.0,0.2137990868550067,0.5184342980484394,0.0,0.0,0.0,0.0,0.3936969124480761,0.4619170674280369,1.369650994082915,2.275277257807394,0.0
0.0,0.4624694338682094,0.4969689533948202,0.0,0.0,8.09777139404085,0.0,1.3415725920689427,1.0377475166599448,2.5273310403056977,1.0100450660245266,0.0
0.0,0.8168066125790476,0.8178805838237135,0.0,0.0,0.0,0.0,2.5291468616542705,0.0,1.225083300874478,1.8171673893978584,0.0
0.0,0.0,2.068617948658516,0.0,0.0,0.0,0.0,4.084841350515124,0.0,0.0,0.0,0.0
0.0,0.0,1.0311035442478518,0.0,0.0,0.0,0.0,1.1867584246371958,0.0,0.0,0.0,0.0
0.0,0.0,0.8564185501726902,0.0,0.0,0.0,0.0,0.0,0.0,0.0,3.123821407048853,0.0
0.0,0.0,1.804480392038159,0.0,0.0,0.0,0.0,0.0,0.0,0.0,1.9032175535383664,0.0
0.0,0.0,0.5204246622196151,0.0,0.0,0.0,0.0,0.0,0.0,0.0,3.8757367823792968,0.0
0.0,0.0,2.5912895827463984,0.0,0.0,0.0,0.0,0.0,0.0,0.0,0.312774915019467,0.0
0.0,0.0,0.7204026574243747,0.0,0.0,0.0,0.0,0.2296119560711096,0.0,1.54920339712804,0.1317109131127716,0.0
0.0,0.0,0.8282329913182203,0.0,0.0,0.0,0.0,0.0,0.0,4.116294946881724,2.467225942092236,0.0
0.0,0.0,0.3474658596708109,0.0,0.0,0.0,0.0,0.0,0.0,0.0,0.0,0.0
0.0,0.0,2.2239093991952976,0.0,0.0,0.0,0.0,0.0,0.0,0.0,0.666063432848096,0.0
0.0,0.0,1.9851322970049676,0.0,0.0,0.0,0.0,0.0,0.0,0.0,1.6007286585788667,0.0
0.0,0.0,0.7986157989071575,0.0,0.0,0.0,0.0,5.459339124306763,0.0,0.0,1.449486934939793,0.0
0.0,0.0,2.5491170955016336,0.0,0.0,0.0,0.0,0.0,0.0,0.0,0.0,0.0
0.0,0.0,1.9782891647140888,0.0,0.0,0.0,0.0,0.0,0.0,0.0,0.5247422817575493,0.0
0.0,1.4914741104868765,0.2982784319217679,11.939032526744583,0.0,0.0,0.0,0.0,0.0,1.182794294902736,1.342467580789262,0.0
0.0,0.0,1.9458909125966668,0.0,0.0,0.0,0.0,0.215005597542413,0.0,1.6773181818778142,0.7584939912387396,0.0
0.0,0.0,1.629090925401044,0.0,0.0,0.0,0.0,2.2122510812266296,0.0,3.0034364710604917,0.6499756938285434,0.0
0.0,0.0854977250163141,0.5317666294249355,0.0,0.0,0.0,0.0,0.7635763353749142,0.1410585200827678,4.640682507104061,1.2679586528750126,0.0
0.0,0.2764111214563886,1.053640361081934,0.0,0.0,0.0,0.0,1.8692323378177136,1.976910060193649,1.7541066038832522,0.919706999829552,0.0
0.0,0.0,1.7035497201488947,0.0,0.0,0.0,0.0,0.8126164444965899,0.0,0.0,0.818518131928771,0.0
0.0,0.0,1.7388058905443944,0.0,0.0,0.0,0.0,2.5873577425587926,0.0,0.0,0.5916759539487664,0.0
0.0,0.0,0.402717658785132,0.0,0.0,0.0,0.0,0.0,0.0,0.0,3.563942354816173,0.0
0.0,0.0,1.156902406979241,0.0,0.0,0.0,0.0,0.0362027420026428,0.0,0.0,0.0879755436156538,0.0
0.0,0.0,0.4416218756180313,0.0,0.0,0.0,0.0,0.0,0.0,0.0,0.0,0.0
0.0,0.286551182646636,1.0965221995454597,0.0,0.0,0.0,0.0,1.5926477007811033,1.0460171330123404,0.0,1.6145464968055503,0.0
0.0,0.0,0.4085779043087476,0.0,0.0,0.0,0.0,1.7568663252567511,1.620962664294424,0.0,1.0597720762022471,1.7805991786231825
0.0,0.0,1.22976725380042,0.0,0.0,0.0,0.0,0.0,0.0,0.0,0.0,0.0
0.0,0.0,1.2845478309987912,0.0,0.0,0.0,0.0,1.8123089143596824,0.6801986318815948,1.4997368155071158,0.9027964281479188,0.0
0.0,0.0,1.1515605321987823,0.0,0.0,0.0,0.0,0.0,0.0,0.0,0.0,0.0
0.0,0.0,0.4075148408997552,0.0,0.0,0.0,0.0,0.0,0.0,0.0,0.1920802658683387,0.0
0.0,0.0,0.0,0.0,0.0,0.0,0.0,0.0,0.0,0.0,1.8494985062361824,0.0
0.0,0.0,0.0,0.0,0.0,0.0,0.0,0.0,0.0,0.0,0.0,0.0
0.0,0.0,1.2962444556258708,0.0,0.0,0.0,0.0,0.655542748847213,2.632903693069768,0.5147433438290598,0.9336041610048144,0.0
0.0,0.0,0.5707888503828771,0.0,0.0,0.0,0.0,3.550538375360338,0.0,0.0,0.0,0.0
0.0,0.0,0.8947303751909084,0.0,0.0,0.0,0.0,5.414650293174416,0.0,0.0,0.8506325152419237,0.0
0.0,0.0,0.5965734773242043,0.0,0.0,0.0,0.0,1.2227270772978114,0.0,0.0,0.0,0.0
0.0,0.0,0.5121303123994232,0.0,0.0,0.0,0.0,0.0,0.0,0.0,0.0,0.0
0.0,0.0,1.5410085911783555,0.0,0.0,0.0,0.0,2.2900889589031377,0.0,0.7765495653667795,0.4103462882292955,4.754562779737146
0.0,0.0,1.737176094712224,0.0,0.0,0.0,0.0,0.0,0.0,0.0,1.0172635462141963,0.0
0.0,0.0,2.8723768238379743,0.0,0.0,0.0,0.0,0.0,0.0,0.0,0.0780868382459147,0.0
0.0,0.0,1.9265110690156817,0.0,0.0,0.0,0.0,0.0,0.0,0.0,1.1488283708075608,4.268016099493164
0.0,0.0,1.556782226181355,0.0,0.0,0.0,0.0,0.8697008415471197,0.0,0.0,1.5940156460767096,1.406793997079964
0.0,0.0,1.7137222298179404,0.0,0.0,0.0,0.0,0.0,1.380882778115179,0.0,1.3492127033998815,0.0
0.0,0.0,1.2349024846182548,0.0,0.0,0.0,0.0,1.2919347123949476,0.0,0.0,1.7330666796628056,0.0
0.0,0.0,1.258300281898875,0.0,0.0,0.0,0.0,0.0,0.0,0.0,2.5638696832681074,0.0
0.0,0.0,2.3937497748263428,0.0,0.0,0.0,0.0,0.0,0.0,0.0,0.4230885319224345,0.0
0.0,0.0,0.0,0.0,0.0,0.0,0.0,0.0,0.0,0.0,0.0,0.0
0.0,0.0,0.0,0.0,0.0,0.0,0.0,0.0,0.0,0.0,1.7819711774080864,0.0
0.0,0.0,1.5424870254482226,0.0,0.0,0.0,0.0,0.0,0.0,0.0,1.9490973252807424,0.0
0.0,0.0,1.3560096265419932,0.0,0.0,0.0,0.0,0.0,0.0,0.3338273592430736,2.021957354909909,0.0
0.0,0.0,1.8514639956801335,0.0,0.0,0.0,0.0,0.0,0.0,0.0,0.0,0.0
0.0,0.0,1.092478755214986,0.0,0.0,0.0,0.0,0.0,0.0,0.0,0.0,0.0
0.0,0.0,1.038705657606273,0.0,0.0,0.0,0.0,0.4972143984703571,0.0,0.0,2.244802569820662,0.0
0.0,0.0,0.6731928614581328,0.0,5.492510120045363,0.0,0.0,0.1682723582764595,1.0886429113777336,0.038704842639523,0.976131524128578,0.672153741183783
0.0,0.0,0.3055633551883472,0.0,5.217911604264816,1.6577472652453529,0.0,0.4384719558962249,0.3390698261195712,0.7627105157320102,0.7356901718897506,3.3076180983728154
0.0,0.0,0.4814349548857655,0.0,0.0,0.0,0.0,1.1485862407854526,0.0,1.5872611287967604,1.2089620898597515,0.0
0.0,0.0,0.9449313371256056,0.0,0.0,0.0,0.0,0.3035100568756047,0.0,0.358364578933354,2.973638799265586,0.0
0.0,1.467597670646494,0.8247523159623007,0.0,0.0,0.0,0.0,1.828990021726935,2.546353713831175,0.7306749186960857,0.8362542613007142,0.5221812102394858
0.0,1.0790070725416463,1.404279369250496,0.0,0.0,0.0,0.0,1.4408964251024936,0.412532961312141,0.3837552841566496,1.536045720571175,0.0
0.0,0.3308770364987309,1.4968856729926998,0.0,0.0,0.0,0.0,1.5324522203072155,0.2245034488052329,1.4131212894812637,1.520335055273794,0.0
0.0,0.8353285478973999,0.688543805869814,0.0,0.0,0.0,0.0,2.146208089268852,0.325918052951384,2.4455690527357032,1.076705123518486,0.3805564170564519
0.0,0.0,1.476565417099472,0.0,0.0,0.0,0.0,1.647060529798433,0.3858541005775732,0.1767945470212747,1.4003555069459726,0.0
0.0,0.8267861084010057,1.0706291801106862,0.0,0.0,0.0,0.0,0.9896068449046744,0.0,0.0,1.2051904525259447,0.0
0.0,0.0,1.0503590923633237,0.0,0.0,0.0,0.0,0.0,0.0,0.4829594927793739,0.0,0.0
0.0,0.0,0.2238249157025824,0.0,0.0,0.0,0.0,0.0,0.5306006989656679,0.0,0.0,0.0
0.0,2.079808188940306,1.992925224956793,0.0,0.0,0.0,0.0,0.3043573159267658,0.0,0.0,0.4997542579846686,0.0
0.0,6.323557825276036,1.0079803984043072,0.0,0.0,0.0,0.0,1.256823338494495,0.0,0.0,0.5952408985587713,0.0
0.0,0.0,2.09493606866328,0.0,0.0,0.0,0.0,1.1143332401959447,0.0,0.0,0.7273748653212816,0.0
0.0,2.4690324881016337,0.6092965556667362,0.0,0.0,0.0,0.0,2.2367825946475515,0.5672519134814114,4.801899607832637,0.7913772923822835,0.7636489375956939
0.0,0.0,0.7832446413184636,0.0,0.0,0.0,0.0,0.0,0.5510908660849607,1.4071108562449586,1.2719415160831833,0.0
0.0,0.0,0.9478407228344102,0.0,0.0,0.0,0.0,0.0,0.0,10.03709243209716,0.0,0.0
0.0,0.400848713245453,0.4029363022682582,0.0,0.0,0.0,0.0,3.72953157888743,2.747298819044524,2.2853421147978468,0.7521147314301717,0.0
0.0,2.2512920440875868,0.4105071686262371,0.0,0.0,0.0,0.0,4.4047061241115895,0.5462201134806746,2.506557444487467,0.0,0.0
0.0,0.930527331128128,0.4739613154753987,0.0,0.0,0.0,0.0,0.7362715448161057,1.1822653977143498,0.0,1.0090157708730505,0.0
0.0,0.0,0.3912598332630414,0.0,0.0,0.0,0.0,5.523557264055281,5.610726103051938,0.0,0.4660540002451918,0.0
0.0,0.0,2.034283126827839,0.0,0.0,0.0,0.0,0.7439352155751923,0.3616862913588249,0.0,1.0499765306097246,0.0
0.0,0.0,1.2639372265195603,0.0,0.0,0.0,0.0,1.1665866709909156,0.0,0.0,2.259992017062002,0.0
0.0,0.0,1.3198474301582062,0.0,0.0,0.0,0.0,0.1327608892729258,0.0,0.0,2.5447427122887576,0.0
0.0,0.0,1.7880213022450937,0.0,0.0,0.0,0.0,0.0407945650623614,0.0,0.0,1.6798387511424049,0.0
0.0,0.2675605190452234,1.8014751718647115,0.0,0.0,0.0,0.0,0.5565629186787894,0.0642299647533154,0.0,1.3660047276379963,0.445441265618393
0.0,0.0,1.953314981146252,0.0,0.0,0.0,0.0,1.0681496306720435,0.0,0.0,1.2158479952159311,0.0
0.0,0.0,1.8229479450487696,0.0,0.0,0.0,0.0,0.1688904670732147,0.0,0.3615760696249023,1.2877536361018436,0.0
0.0,0.2677865165657254,1.6573665262252502,0.0,0.0,0.0,0.0,1.8167254821137324,0.4941272484769889,0.0984980736252796,1.0752416547467507,0.0
0.0,0.0,0.415471666399472,0.0,0.0,0.0,0.0,3.903828798269097,0.5154165963582537,1.782998985256974,0.0,0.0
0.0,0.4707769469196247,1.3124540096507025,0.0,0.0,0.0,0.0,1.0186130071319155,0.072123246747679,0.5702823216266961,1.6932291224666804,0.0
0.0,0.0,0.0,0.0,0.0,0.0,0.0,0.0,0.0,0.0,0.0,0.0
0.0,0.0,0.0,0.0,0.0,0.0,0.0,0.0,0.0,0.0,0.0,0.0
0.0,0.0,0.0,0.0,0.0,0.0,0.0,0.0,0.0,0.0,0.0,0.0
0.0,0.0,0.0,0.0,0.0,0.0,0.0,0.0,0.0,0.0,0.0,0.0
2.5318991406977727,0.9199036215214308,0.5451759813605866,2.3259769315107808,1.8374547962666576,2.1292070719353022,7.568032440223805,1.2416182739057249,1.0734560557194472,2.407329708704489,0.6310744278447026,1.3428111467694337
1.9292960615955168,0.5619906076352938,0.6649537127170979,1.705663571100646,2.2336616902730664,1.6344645900045875,0.0,0.9986658830485128,0.8781509768485781,1.8610062001113623,0.9253870512110308,1.6381256851411126
4.218968403069502,0.6431398338658646,0.7612399955213744,0.0,3.413934613110712,0.0,0.0,1.444974204964259,1.2027826813299314,2.516039429476458,0.717740200743235,0.4713472990050203
0.0,0.1554820127615614,0.6244851029386468,0.0,0.0,0.0,0.0,0.4235000132871631,0.5878633241653511,0.7394969201877599,1.1475864192399183,1.310429339546359
2.299542532945881,0.3943602248174226,1.1866896303344143,1.4661009231846291,3.588608663697449,0.9822507616955408,0.0,0.8254190391359227,0.6971096475913581,1.4379346448481256,0.5037517943878528,1.1973708389969795
0.0,0.3339638210790089,1.237082444891186,0.0,0.0,0.0,0.0,0.8951264093705364,1.023268247524932,1.7893637490845704,0.6044003550972095,0.7088886516978302
0.0,0.589078180047937,0.9711572698736298,0.7883992434545762,2.3091418208520498,0.0,0.0,1.483275806421408,0.935671761705844,2.201622443306376,0.8854713845247898,0.2014722938033292
1.790639134449889,0.6996215550662839,0.8405678020222564,1.4613036256706171,1.805629576745169,1.07082138292734,0.0,1.1137462617806757,1.0195854492554768,1.8226399604130343,0.6651033204616438,0.7802026636929004
0.0,0.4686044769491578,0.8551561802429606,1.7530047323746127,3.850780464293086,0.0,0.0,0.9438014980679406,0.7636361136526136,1.6118686374618452,0.9605754444498312,1.0285103420924928
0.0,0.6724488550881871,1.0353008720041526,0.0,0.0,0.0,0.0,1.1940462642302223,0.8239042395593007,1.081631541400282,1.081518473423141,0.7196845012023618
0.0,0.807725226690086,0.6184183188141106,3.710991355200575,5.208119605007457,0.0,0.0,1.0433808583792217,0.987393757846642,1.5376034505091505,0.59023098923663,2.709511698451191
0.0,0.515353910158879,0.4484943055102111,0.0,0.0,0.0,0.0,0.0,1.2288874203525468,0.8722679827472697,0.4286862591357721,0.633425921870746
0.0,1.2103868228498944,0.7161061873561819,0.0,0.0,0.0,0.0,0.0,0.8999896170303342,2.1818738376885727,0.5319557481837724,1.2144464086469438
0.0,0.0,0.458023178656978,0.0,0.0,0.0,0.0,0.0,0.0,0.0,3.3565857087177777,0.0
0.0,0.0,0.6017247982313856,0.0,0.0,0.0,0.0,1.3046173170955542,1.9720350457007332,1.1029734521104555,1.293603652431663,0.0
1.1681982872584245,0.7065139454540359,0.5959553179232749,0.0,2.1087259220752386,0.0,0.0,0.8643622272751972,1.8590976907191523,1.012314824230655,0.9249833075987588,0.0
0.0,0.0,0.9328850746178003,0.6037236859402381,0.0,0.0,0.0,0.0,0.4118713134500762,0.668882094528586,1.9096238164839607,0.0
0.0,0.0,1.2424227587743508,1.2396841184599074,0.0,0.0,0.0,0.7475265704128637,0.9397056928601178,0.8105784599191262,0.6477929724735064,2.036547966475088
0.0,0.3598951295392613,0.662497811985986,0.0,0.0,0.0,0.0,0.6476612465007556,0.7518559209086931,1.0479905333513213,0.4898800764074594,4.412012364590308
6.367375661952798,0.0,0.96373242286218,1.082559126725465,3.5670447372292915,2.379849281456727,0.0,0.6994077585859769,0.2611005612292515,0.6820341908721996,0.3134351786439469,3.379004986072893
3.92459610029953,0.2341039694721906,0.774976614552947,0.7314045078595686,2.114023018476889,1.184758669146099,0.0,0.669946525543167,0.5126390314488052,0.7406879376629463,0.769486361847065,8.562612726035818
4.7705957963390535,0.4742804032687939,0.8512865463117083,0.0,0.0,0.0,0.0,0.3384254773719921,0.4611113981243833,0.9667509571225366,0.4245788070450771,5.72948827901658
0.0,0.1840988125025308,1.1474862110944166,0.0,2.3052816707001744,0.0,0.0,0.4096320286176667,0.5966235743033647,0.7147778963680025,0.7122165243466141,2.241224101119826
0.0,0.0,1.726353285002326,0.0,0.0,0.0,0.0,0.2289897014476107,0.0732734298571636,1.255316573824618,0.3185333844494238,1.8632482208184
1.750303918452042,0.0783048276727915,1.6991213950562083,0.0,1.6342191593345232,0.0,0.0,0.5687619632371969,0.4613975361312865,0.4763051400157598,0.4135632766680883,1.0755012127846824
0.0,0.0,1.7417573859099689,0.0,0.0,0.0,0.0,0.6156444432361994,0.3053459978637869,0.3504755226289665,0.471453095767158,1.4088905604139137
0.0,0.540239929551209,0.6550049225527377,5.774246114680804,0.0,0.0,0.0,1.492224279632112,0.3581178227456078,2.202399531457964,0.6847804471593811,0.0
0.0,0.0,1.165037381733955,0.0,0.0,0.0,0.0,0.1321094431428523,0.4058220730550603,0.3342558924385077,0.109124839081801,2.2573968829146005
0.8834436659887137,0.4314634224181389,1.1316235581580896,0.7322251371523527,2.845737187275285,1.816061415145506,0.0,0.3638983627655828,0.673424474533506,0.6329916981159465,0.7008472687580365,1.3324391346550186
3.408900808527711,0.5292885849382392,0.8124282872114884,1.6364315088643782,3.033034080820038,0.4496821760562906,0.0,1.0765202064242363,0.629034130685809,1.5708589284857437,0.8367286598341438,0.9409130311581482
1.1649916852394473,0.3648345326422611,1.1164481423857229,0.0,0.0,0.0,0.0,0.6331624849539353,1.0236780167456083,1.612109999813126,0.8932356119417739,0.0
0.0,0.2625093193149646,1.3107245111194898,1.3467735360156547,0.0,0.0,0.0,0.5277046709704449,0.4331013027941732,0.9172914851416027,1.0037758009857545,1.0816539657182334
0.0,0.1080957102856438,1.5348747458426797,0.0,0.0,0.0,0.0,0.4976277964320869,0.9315176051894368,1.101686161385223,0.8627762923266997,0.0
0.0,0.0,1.966778879490085,0.0,0.0,0.0,0.0,0.2248353164431185,0.3662608017823971,0.4654355634332428,0.8512080608251805,0.0
2.013897695293337,0.2222403656785739,1.280514662700055,0.0,0.0,0.0,0.0,0.6083311723122271,0.6512170683398107,1.2173398773427089,0.9269469076936374,0.9112282556456766
0.0,0.0783884330835034,1.8557441815042004,0.0,0.0,0.0,0.0,0.2210315391775704,0.1501143040891796,0.1826094971630745,0.3663942787321585,0.0
0.0,0.3866172007688747,1.0873011307826874,0.0,0.0,0.0,0.0,0.378212848125556,0.0,1.182093587382059,0.5666274227309631,0.0
0.0,0.1250316866927951,1.3974996174793697,0.0,0.0,0.0,0.0,0.3837293362132985,0.0,0.8899828780049822,0.6273315425643726,1.2489347747175106
0.0,0.1879059337275013,0.7102454020390302,0.0,0.0,0.0,0.0,1.2802606035480053,0.730753935602524,0.7879240865000107,1.8161219763854408,0.0
0.0,0.0,1.80429694415975,0.0,0.0,0.0,0.0,0.0,0.0,0.0,1.306407619437303,0.0
0.0,0.0915402464959764,1.2839894488658392,0.569256472241655,0.0,0.0,0.0,0.3716099194738089,0.5933234257694052,0.8336029160824981,1.0561524057787124,0.9351721891757204
0.0,0.0,2.147524346377913,0.0,0.0,0.0,0.0,0.0,0.0,0.0,0.1263639896381749,0.0
1.947964244085852,0.0,0.7751252480024983,2.4074683691289334,0.0,2.0161791063794827,0.0,1.06573044835888,1.2574234387394785,2.186311879657687,0.8005098746066865,0.9416616966973927
0.0,0.0,1.5341981406311225,0.0,0.0,0.0,0.0,0.4788609985450034,0.5571951698566385,0.0,1.7717255316894494,0.0
0.0,0.0,2.1936827983252,0.0,0.0,0.0,0.0,0.4452154178727672,0.1799527162548645,0.4742985442122452,0.491954505416888,0.0
0.0,0.0,1.1053898677766176,0.0,0.0,0.0,0.0,0.4800977263305019,0.6452225090490468,1.0325088550177222,1.3329144407012488,0.3906469281147668
2.6861931808281883,0.4005816588062489,0.838504863889145,1.1417431208862523,2.508037784469744,0.0,0.0,0.7192035778115595,0.9087376527855044,1.0342673923646168,0.5585324587835874,1.2004165752631857
0.0,0.0,0.9922999881339694,0.0,0.0,0.0,0.0,0.2158293737782078,0.2302077106623532,1.7747579147175634,0.3095122351564492,1.3171237423026625
4.9881001639532965,0.6694705753131547,1.7256515486629902,0.0,0.0,0.0,0.0,0.7020030786627968,0.3835162498906863,1.0397085412944416,0.3977749643430087,0.9404023315103202
0.0,0.1695651026047918,0.3414236956333253,0.0,2.605856945224573,0.0,0.0,0.9651145693664984,0.4405267279545576,8.735102752413304,0.1099084263616778,0.1299203691386979
0.0,0.0,1.2479035678125818,0.0,0.0,0.0,0.0,0.5185149719818872,0.1061871207355655,1.469347551915254,0.8708826443462435,0.0
0.0,0.3809690989255263,0.9157407839186804,0.5011583743169259,0.0,1.468965364964149,0.0,0.8431844473133792,0.8482730992373211,3.144599064150091,1.0447288809232418,1.2966989399283126
0.0,0.3828046671649923,0.8953808470380058,0.0,0.0,0.0,0.0,0.4635546418178441,0.0,0.6300487156437486,0.7845326859404916,0.0
0.0,0.0,1.8601665291498408,0.0,0.0,0.0,0.0,0.0,0.0,0.0,0.9824922167331072,0.0
0.0,0.2405940350400829,1.320521364008187,0.0,2.008475816214454,0.0,0.0,0.3199719189758778,0.3517893011668428,0.6331291483165279,1.3610460194751517,0.4506151573942548
0.0,0.0,2.0841912196824484,0.0,0.0,0.0,0.0,0.5058735409152605,0.0,0.0,0.696434807318887,0.0
3.8674429393730585,0.0,1.285091427501279,0.3287646177471051,0.0,1.204568908367597,0.0,0.6527015959958016,0.0,0.0,0.6922055140169592,0.0
0.0,0.0,1.9943505650756577,0.0,0.0,0.0,0.0,0.0,0.3475946176695201,1.1779067151717328,0.4495345471602842,0.0
4.769486613405705,0.0,0.7105048998110576,1.3379710946037875,2.6718970305604204,0.0,0.0,0.7465458250868164,0.7753252250173257,1.7480316406097138,0.8023800653372696,1.598555204561706
0.0,0.0,0.7682270698772047,0.0,0.0,0.0,0.0,0.0,0.0,6.182665612282681,0.5311738742520542,0.0
0.0,0.0,1.5294702573009802,0.0,0.0,0.0,0.0,0.0,0.0,0.7541095901364004,1.3207329234461629,0.0
0.0,0.0,1.0988782123585046,1.2507990388286454,0.0,0.0,0.0,0.3787979669792364,0.0969679460273522,4.621682101055617,1.179147263740495,0.0
0.0,0.6816621980522757,0.6876039076998153,1.636111643440441,0.0,0.0,0.0,0.8203077127502661,0.711709006345226,1.8526243908579647,0.4282303839625876,1.3438987362822317
2.330708220577918,0.9963660541321216,0.92779421765182,1.273689412408897,2.1761295216978462,1.4933448015113953,0.0,1.100235861427069,0.7363022305562412,1.8044284333372531,0.6532371017665984,0.7439686127598223
0.0,0.0,1.3671516276715212,0.0,3.2215780496228508,0.0,0.0,0.2312364966760714,0.4331260811741032,0.0,0.9414402792297748,0.9637104834549316
2.319226899294283,0.3199180843417119,0.8542208107480884,1.182920741639527,3.2481145077558984,0.0,0.0,0.8080333317475116,0.5145708417838011,0.0,1.0603584738195864,1.2145608279430289
0.0,0.3672766704652792,0.7918968065565355,0.7851126032867647,2.8743944793497667,0.0,0.0,0.7044955797412735,0.3246170559354884,1.5864028783997488,1.2535663574378926,0.0
0.0,0.0,0.9919652677488798,1.5635766814149366,2.0035567596284576,0.0,0.0,1.5784034838263077,1.2031807431190746,2.4760244581246904,0.6953548899299619,0.2140531112957626
0.0,0.0,0.6598639014549683,0.0,0.0,0.0,0.0,4.079474465542796,0.0,0.0,1.6878479540466855,0.0
0.0,0.0,1.235793172565769,0.0,0.0,0.0,0.0,0.3244900147241488,0.0,0.0,1.3103920768798756,0.0
0.0,0.0,1.0568621948977417,0.0,0.0,0.0,0.0,0.0,0.3511930959723671,0.3518247334040228,2.2972111059956606,0.0
0.0,0.0,1.1886168856739046,0.0,0.0,0.0,0.0,0.0,0.515007535567493,1.367092956975846,1.0801800142825702,0.8418839920187629
0.0,0.2672771613337643,1.3391469793207151,0.7617968861385874,0.0,0.0,0.0,1.2975476808000437,0.3615074738346084,0.9009333496933386,0.7831237272851825,0.7281319496764518
0.0,0.6767939382928586,1.4811304893711137,0.0,0.0,0.0,0.0,1.2729771993558865,0.1481216363357834,4.301928270280328,0.2788075258103979,11.51692334214458
0.0,0.2678007529568241,1.3914574529384676,0.0,0.0,0.0,0.0,1.180684778827605,1.262375373377559,0.4678907229709939,0.6837969398883663,0.6366098087796201
0.0,0.2914979079910375,0.0,0.0,0.0,0.0,0.0,0.2087455086780231,0.4294001421486509,0.6979206410566237,1.701183452880173,2.001832855558996
0.0,0.0,0.0,0.0,0.0,0.0,0.0,0.0,0.0,0.0,2.423480801274997,0.0
0.0,0.8821856864872478,0.5282844354506028,0.0,7.94763415942245,0.0,0.0,1.2780888298354556,1.286594802432264,1.6622072072663026,0.8348651811008017,0.0
0.0,0.3394609137507365,0.0,0.0,7.013692643582987,0.0,0.0,0.0,0.0,2.5107581596140216,0.3872549310711295,0.0
0.0,0.0,0.0,0.0,0.0,0.0,0.0,0.0,0.0,0.0,0.0,0.0
0.0,0.0,0.0,0.0,0.0,0.0,0.0,0.0,0.0,0.0,0.0,0.0
0.0,0.0,0.9482715595266078,0.0,0.0,0.0,0.0,1.830772663073648,0.0,5.166593329422014,0.993627128522749,0.0
0.0,0.4162052518481253,0.6736952323825746,0.0,16.612338025806654,0.0,0.0,1.4609776615318222,0.4598281567566903,2.1815313143231587,0.8614072916096505,1.6077645680913877
0.0,0.0,0.2320575562801486,0.0,0.0,0.0,0.0,0.0,0.0,0.0,0.2507049104767239,0.0
0.0,0.0,0.0,0.0,0.0,0.0,0.0,0.0,0.0,0.0,0.0,0.0
0.0,0.0,0.0,0.0,0.0,0.0,0.0,0.0,0.0,0.0,0.0,0.0
0.0,0.0,0.0,0.0,0.0,0.0,0.0,0.0,0.0,0.0,0.0,0.0
0.0,0.0,0.0,0.0,0.0,0.0,0.0,0.0,0.0,0.0,0.0,0.0
0.0,0.0,0.0,0.0,0.0,0.0,0.0,5.294310766551901,0.0,0.0,0.0,0.0
0.0,0.0,0.1697914118237211,0.0,0.0,0.0,0.0,0.0,0.0,0.0,0.0,0.0
0.0,0.0,0.9404840636152386,0.0,0.0,0.0,0.0,0.0,0.0,0.0,0.3156886828802993,0.0
0.0,0.0,1.36967485728446,0.0,0.0,0.0,0.0,2.522304472661742,0.0,0.0,1.6783508832710432,0.0
0.0,0.0,0.0,0.0,0.0,0.0,0.0,0.0,0.0,0.0,2.1059212480044804,0.0
0.0,0.0,0.0,0.0,0.0,0.0,0.0,0.0,0.0,0.0,0.0,0.0
0.0,0.0,0.0,0.0,0.0,0.0,0.0,0.0,0.0,0.0,0.0,0.0
0.0,0.0,0.0,0.0,0.0,0.0,0.0,0.0,0.0,0.0,0.0,0.0
0.0,0.0,0.5805288567857735,0.0,0.0,0.0,0.0,1.6447143520032768,0.0,0.0,1.839722652062772,0.0
0.0,0.0,0.0,0.0,0.0,0.0,0.0,0.0,0.0,0.0,0.0,0.0
0.0,0.0,0.0,0.0,0.0,0.0,0.0,0.0,0.0,0.0,0.0,0.0
0.0,0.0,0.3500548124104356,0.0,0.0,0.0,0.0,3.1983975289341897,0.0,0.0,1.075206270988203,0.0
0.0,0.0,0.0,0.0,0.0,0.0,0.0,0.0,0.0,0.0,0.0,0.0
0.0,0.0,0.7087788997248443,0.0,0.0,0.0,0.0,4.894654868442678,0.0,0.0,0.1832387922915241,0.0
0.0,0.0,0.0,0.0,0.0,0.0,0.0,0.0,0.0,6.662194545535446,0.8086072274710837,0.0
0.0,0.0,0.0,0.0,0.0,0.0,0.0,0.0,0.0,0.0,0.0,0.0
0.0,0.0,0.0,0.0,0.0,0.0,0.0,0.0,0.0,0.0,0.0,0.0
0.0,0.0,1.352361788734496,0.0,0.0,0.0,0.0,0.0,0.0,0.0,0.0,0.0
0.0,0.0,0.0,0.0,0.0,0.0,0.0,0.0,0.0,0.0,0.0,0.0
0.0,0.0,2.670666668221994,0.0,0.0,0.0,0.0,0.0,0.0,0.0,0.0,0.0
0.0,0.0,0.6477264750864807,0.0,0.0,0.0,0.0,0.0,0.0,0.0,0.0,0.0
0.0,0.0,0.0,0.0,0.0,0.0,0.0,0.0,0.0,0.0,0.0,0.0
0.0,0.0,0.0,0.0,0.0,0.0,0.0,0.0,0.0,0.0,0.0,0.0
0.0,0.0,0.0,0.0,0.0,0.0,0.0,0.0,0.0,0.0,0.0,0.0
0.0,0.0,0.0,0.0,0.0,0.0,0.0,0.0,0.0,0.0,0.0,0.0
0.0,0.0,0.0,0.0,0.0,0.0,0.0,0.0,0.0,0.0,0.0,0.0
0.0,0.0,0.0,0.0,0.0,0.0,0.0,0.0,0.0,0.0,0.0,0.0
0.0,0.0,0.0,0.0,0.0,0.0,0.0,0.0,0.0,0.0,0.0,0.0
0.0,0.0,0.0,0.0,0.0,0.0,0.0,0.0,0.0,0.0,0.0,0.0
0.0,0.0,0.0,0.0,0.0,0.0,0.0,0.0,0.0,0.0,0.0,0.0
0.0,0.0,0.0,0.0,0.0,0.0,0.0,0.0,0.0,0.0,0.0,0.0
0.0,0.0,0.0,0.0,0.0,0.0,0.0,0.0,0.0,0.0,0.0,0.0
0.0,0.0,1.140427947463823,0.0,0.0,0.0,0.0,1.141379465756638,0.3146554768429821,0.0,0.435138697485785,0.0
0.0,0.0,0.0,0.0,0.0,0.0,0.0,0.0,0.0,0.0,0.0,0.0
0.0,0.0,0.0,0.0,0.0,0.0,0.0,0.0,0.0,0.0,0.0,0.0
0.0,0.0,0.0,0.0,0.0,0.0,0.0,0.0,0.0,0.0,0.0,0.0
0.0,9.8958801587255,0.3109362610996498,0.0,0.0,0.0,0.0,0.0,6.338554283907608,0.0,0.9920292290933368,0.0
0.0,2.293746311447625,0.8968523375634821,0.0,0.0,0.0,0.0,0.0,1.7404654052039916,0.0,0.3752964913374594,0.0
0.0,0.0,0.7335214499300619,0.0,0.0,0.0,0.0,6.035514273869167,0.0,0.0,0.2225645633823977,0.0
0.0,0.0,0.0,0.0,0.0,0.0,0.0,0.0,0.0,0.0,0.0,0.0
0.0,0.0,1.6627674397554608,0.0,0.0,0.0,0.0,0.0,0.0,0.0,0.15658854163009,0.0
0.0,0.0,2.0878482877441957,0.0,0.0,0.0,0.0,0.0,0.0,0.0,1.0771025783444437,0.0
0.0,0.0,1.4358292211396957,0.0,0.0,0.0,0.0,0.0,0.0,0.0,0.0,0.0
0.0,0.0,0.1290596664191796,0.0,0.0,0.0,0.0,0.0,2.001324620080932,0.0,0.0,0.0
0.0,0.0,0.3978850825444797,0.0,0.0,0.0,0.0,0.0,0.0,0.0,0.0,0.0
0.0,0.0,0.6972584996519174,7.265926360973346,0.0,0.0,0.0,0.0,0.0,0.0,0.0,0.0
0.0,0.0,0.0,0.0,0.0,0.0,0.0,0.0,0.0,0.0,0.0,0.0
0.0,0.0,2.4019868470364387,0.0,0.0,0.0,0.0,0.0,0.0,0.0,0.5204790982604022,0.0
0.0,0.0,1.823117413161314,0.0,0.0,0.0,0.0,0.0,0.0,0.0,1.5744907116563678,0.0
0.0,0.0,0.0,0.0,0.0,0.0,0.0,0.0,0.0,0.0,0.0,0.0
0.0,0.0,0.0,0.0,0.0,0.0,0.0,0.0,0.0,0.0,0.0,0.0
0.0,0.0,0.0,0.0,0.0,0.0,0.0,0.0,0.0,0.0,0.0,0.0
0.0,0.0,0.0,0.0,0.0,0.0,0.0,0.0,0.0,0.0,0.0,0.0
0.0,0.0,0.0,0.0,0.0,0.0,0.0,0.0,0.0,0.0,0.0,0.0
0.0,0.0,0.0,0.0,0.0,0.0,0.0,0.0,0.0,0.0,0.0,0.0
0.0,0.0,0.0,0.0,0.0,0.0,0.0,0.0,0.0,0.0,0.0,0.0
0.0,0.0,3.0589405146019604,0.0,0.0,0.0,0.0,0.0,0.0,0.0,0.0,0.0
0.0,0.0,1.7797472084956862,0.0,0.0,0.0,0.0,0.0,0.0,0.0,0.0,0.0
0.0,0.0,1.4944442208742403,0.0,0.0,0.0,0.0,0.0,0.0,0.0,0.0,0.0
0.0,0.0,0.0,0.0,0.0,0.0,0.0,0.0,0.0,0.0,0.0,0.0
0.0,0.0,0.9469537544250064,0.0,0.0,0.0,0.0,0.0,1.1957285137651672,1.874636516387495,1.7296058177608828,0.0
0.0,0.0,0.0,0.0,0.0,0.0,0.0,0.0,0.0,0.0,0.0,0.0
0.0,0.0,0.0,0.0,0.0,0.0,0.0,0.0,0.0,0.0,0.0,0.0
0.0,0.0,0.7565121702779042,0.0,0.0,0.0,0.0,0.0,0.0,0.0,0.0,0.0
0.0,0.0,0.0,0.0,0.0,0.0,0.0,0.0,0.0,0.0,0.0,0.0
0.0,0.0,1.4681623777889157,0.0,0.0,0.0,0.0,0.0,0.0,0.0,0.0,0.0
0.0,0.0,0.0,0.0,0.0,0.0,0.0,0.0,0.0,0.0,0.0,0.0
0.0,0.0,0.0,0.0,0.0,0.0,0.0,0.0,0.0,0.0,0.0,0.0
0.0,0.0,0.0,0.0,0.0,0.0,0.0,0.0,0.0,0.0,0.0,0.0
0.0,0.0,0.0,0.0,0.0,0.0,0.0,0.0,0.0,0.0,0.0,0.0
0.0,0.0,2.4471524116815684,0.0,0.0,0.0,0.0,0.0,0.0,0.0,0.0,0.0
0.0,0.0950033727044633,0.9404817110111616,0.0,0.0,0.0,0.0,0.1399539541766763,0.2015246878307581,0.0,2.113395680118072,0.0
0.0,0.0,2.650317998918552,0.0,0.0,0.0,0.0,0.0,0.0,0.0,0.0,0.0
0.0,0.0,0.0,0.0,0.0,0.0,0.0,0.0,0.0,0.0,0.0,0.0
0.0,0.0,0.0,0.0,0.0,0.0,0.0,0.0,1.614202723420501,0.0,0.0,0.0
0.0,0.0,0.0,0.0,0.0,0.0,0.0,0.0,0.0,0.0,0.0,0.0
0.0,0.0,0.0,0.0,0.0,0.0,0.0,0.0,0.0,0.0,0.0,0.0
0.0,0.0,0.0,0.0,0.0,0.0,0.0,0.0,0.0,0.0,0.0,0.0
0.0,0.0,0.795092012980366,0.0,0.0,0.0,0.0,0.0,0.0,1.3091030395494967,0.3274974055777023,0.0
0.0,0.0,0.0,0.0,0.0,0.0,0.0,0.0,0.0,0.0,0.0,0.0
0.0,0.0,2.0880140031412697,0.0,0.0,0.0,0.0,0.0,0.0,0.0,1.2903174232044354,0.0
0.0,0.0,0.8708856042753367,0.0,0.0,0.0,0.0,1.4473826315362563,1.8312731034355043,2.3151119874388315,1.0421110592606015,0.0
0.0,0.0,1.6022471653145465,0.0,0.0,0.0,0.0,0.5158754018072966,0.6670981295304008,0.0,0.6882392607850446,0.0
0.0,0.0,0.5277304400191399,0.0,0.0,0.0,0.0,0.0,0.0,0.0,2.603739703849171,0.0
0.0,0.0,0.0,0.0,0.0,0.0,0.0,0.0,0.0,0.0,0.0,0.0
0.0,0.0,0.0,0.0,0.0,0.0,0.0,0.0,0.0,0.0,0.0,0.0
0.0,0.0,0.0,0.0,0.0,0.0,0.0,0.0,0.0,0.0,0.0,0.0
0.0,0.0,3.0589405146019604,0.0,0.0,0.0,0.0,0.0,0.0,0.0,0.0,0.0
0.0,0.0,0.0,0.0,0.0,0.0,0.0,0.0,0.0,0.0,0.0,0.0
0.0,0.0,2.3089759709908253,0.0,0.0,0.0,0.0,0.0,0.0,0.0,0.0,0.0
0.0,0.0,0.8206913575761356,0.0,0.0,0.0,0.0,0.0,0.0,0.0,0.0,0.0
0.0,0.0,0.6117881029203921,0.0,0.0,0.0,0.0,0.0,0.0,0.0,0.0,0.0
0.0,0.6460759348772155,0.7271002259255108,0.0,0.0,0.0,0.0,1.383314057190841,1.170798163145068,2.4989740392804567,0.8247270788160382,0.0
0.0,0.0,1.5690938390963425,0.0,0.0,0.0,0.0,0.0,0.3735805957484406,0.6923253523434895,1.4879920981921615,0.0
0.0,0.0,0.4040110113625231,0.0,0.0,0.0,0.0,0.0,0.0,0.0,0.0,0.0
0.0,0.0,0.488580776637813,0.0,0.0,0.0,0.0,0.0,0.0,0.0,0.0,0.0
0.0,0.0,1.0241386744922865,0.0,0.0,0.0,0.0,0.0,2.223380550027063,0.0,1.281135225343611,0.0
0.0,0.0,0.9905522032886452,0.0,0.0,0.0,0.0,0.121658272012546,0.3680551235861927,0.373106577318795,1.6101555690146452,0.0
0.0,0.0,0.9784538813341822,0.0,0.0,0.0,0.0,0.1673344420036603,0.779609791246419,0.1608844782663863,1.0942522629331026,0.0
0.0,0.0,1.2653186776818344,0.0,0.0,0.0,0.0,2.0568792425872537,0.2498170881484108,1.1016190467850775,0.7854351424174832,0.0
0.0,0.2022922660525605,0.8967797687921985,0.0,0.0,0.0,0.0,0.0,3.0858827718978,0.0,0.0,0.0
0.0,0.0,0.0,0.0,0.0,0.0,0.0,0.0,0.0,0.0,0.0,0.0
0.0,0.0,0.0,0.0,0.0,0.0,0.0,0.0,0.0,0.0,0.0,0.0
0.0,0.0,1.0196468382006536,0.0,0.0,0.0,0.0,0.0,3.00421062414371,0.0,0.0,0.0
0.0,0.0,0.9999117381064472,0.0,0.0,0.0,0.0,0.0,0.0,0.0,1.3759116807238696,0.0
0.0,0.3022834586051108,0.7415613368732025,0.0,0.0,0.0,0.0,0.0,0.6055918649459652,0.9858567072632982,1.245266814884386,0.0
0.0,0.0,1.1108783974080805,0.0,0.0,0.0,0.0,0.0,0.0,0.0,0.0,0.0
0.0,0.0,0.0,0.0,0.0,0.0,0.0,0.0,0.0,0.0,0.0,0.0
0.0,0.0,0.0,0.0,0.0,0.0,0.0,0.0,0.0,0.0,0.0,0.0
0.0,0.0,0.0,0.0,0.0,0.0,0.0,0.0,0.0,0.0,0.0,0.0
0.0,0.0,1.3967237821390084,0.0,0.0,0.0,0.0,0.0,0.0,0.0,0.0,0.0
0.0,0.0,0.7415613368732026,0.0,0.0,0.0,0.0,0.0,0.0,0.0,0.0,0.0
0.0,0.5956539696129638,1.4933075391172297,0.0,0.0,0.0,0.0,1.6452862276472278,0.0,0.0,1.3886983172813616,0.0
0.0,0.0,1.2706368291423529,0.0,0.0,0.0,0.0,0.0,0.0,0.0,0.0,0.0
0.0,0.0,0.0,0.0,0.0,0.0,0.0,0.0,0.0,0.0,0.0,0.0
0.0,0.0756955279054038,1.6500718381307178,0.0,0.0,0.0,0.0,0.1370651817391381,0.2021969539179534,0.2292371242533573,0.5301114388800143,0.5103800182561784
0.0,0.0,1.8205417755915532,0.0,0.0,0.0,0.0,0.3356994392265383,0.0,0.362025647316361,0.4716269789116642,0.0
0.0,0.0,1.720204195270279,0.0,0.0,0.0,0.0,0.2319530975839915,0.0,1.089910154685374,0.5246123146289406,0.0
0.0,0.0,1.5541954591954248,0.3822425412293951,1.1545357604607185,0.0,0.0,0.0,0.0,0.1269189375489864,0.9429197381890116,0.4866585167125236
0.0,0.0,1.583861091486648,0.0,0.0,0.0,0.0,0.0,0.0,0.0,2.1787195823695567,0.0
0.0,0.0,1.2569731568700315,0.0,0.0,0.0,0.0,0.5660180352818716,0.2162599129557559,0.0,1.5003192482998184,0.0
0.0,0.0,0.0,0.0,0.0,0.0,0.0,0.0,0.0,0.0,0.0,0.0
0.0,0.0,1.5907992610716413,0.0,0.0,0.0,0.0,1.3656462329990382,0.0,0.0,1.328749702826717,0.0
0.0,0.0,1.205037172418954,0.0,0.0,0.0,0.0,0.0,0.2570447592850233,0.0,2.0908461814921546,0.0
0.0,0.0,1.902690272240454,0.0,0.0,0.0,0.0,0.0,0.0,0.0,1.066795376637798,0.0
0.0,0.0,0.0,0.0,0.0,0.0,0.0,0.0,0.0,0.0,0.0,0.0
0.0,0.0,1.751132613431557,0.0,0.0,0.0,0.0,0.0,0.0,0.0,0.0,0.0
0.0,0.0,0.5173763586425538,0.0,0.0,0.0,0.0,1.599535470111829,0.0,1.2757020566474109,1.6276216739427145,0.0
0.0,0.0,1.384267384772406,0.0,0.0,0.0,0.0,0.0,0.0,0.0,1.5338486084018972,0.0
0.0,0.0,2.5782498623073664,0.0,0.0,0.0,0.0,0.0,0.0,0.0,0.0,0.0
0.0,0.0,1.4691431241823798,0.0,0.0,0.0,0.0,0.2069408090808454,0.1533471780305373,0.0,1.4807036604851105,0.9305433399794912
0.0,0.0,1.6072399314010302,0.0,0.0,0.0,0.0,0.0,0.0,0.0,0.0,0.0
0.0,0.0,1.3521780128001877,0.0,0.0,0.0,0.0,2.240370240188573,0.0,0.0,1.897804878074138,0.0
0.0,0.0,1.9917106279385743,0.0,0.0,0.0,0.0,0.0,0.0,0.0,1.0621500707658198,0.0
0.0,0.0,2.25623981218868,0.0,0.0,0.0,0.0,0.0,0.0,0.0,0.3322976039573282,0.0
0.0,0.0,2.293137817135299,0.0,0.0,0.0,0.0,0.2097029932288961,0.0,0.0,0.8345164229611439,0.0
0.0,0.0,1.6712754467196145,0.0,0.0,0.0,0.0,0.0,0.0,0.0,0.0,0.0
0.0,0.0,2.842165202543553,0.0,0.0,0.0,0.0,0.0,0.0,0.0,0.0,0.0
0.0,0.0,2.507390342267861,0.0,0.0,0.0,0.0,0.0248945848312322,0.0,0.0377921281250962,0.6563147582735188,0.0
0.0,0.0,1.5686874433856206,0.0,0.0,0.0,0.0,0.0,0.0,0.0,0.0,0.0
0.0,0.0,0.0,0.0,0.0,0.0,0.0,0.0,0.0,0.0,0.0,0.0
0.0,0.0,1.193232828081998,0.0,0.0,0.0,0.0,0.0,0.0,0.0,0.5717595456091147,0.0
0.0,0.0,2.480222038866454,0.0,0.0,0.0,0.0,0.0,0.0,0.0,0.5676621696680174,0.0
0.0,0.0,0.0,0.0,0.0,0.0,0.0,0.0,0.0,0.0,0.7362473320329106,0.0
0.0,0.0,1.622456918646323,0.0,0.0,0.0,0.0,0.0,0.1133664386469324,0.0,0.8738756767700201,0.0
0.0,0.0,2.608293028075779,0.0,0.0,0.0,0.0,0.0,0.0,0.0,0.0,0.0
0.0,0.3649943148198324,0.8166299062099194,0.0,4.284798332751815,0.0,0.0,0.0,0.0,1.0362680441639462,0.6289122437313193,2.3071764881945964
0.0,0.0,1.329974136783461,0.0,0.0,0.0,0.0,0.0,0.0,0.0,0.0,0.0
0.0,0.2424825340867363,0.0,0.0,2.87655297332675,0.0,0.0,0.0,0.9023911762133796,1.0256928624289523,1.4680409359413,0.86049886543428
0.0,0.0,0.0,0.0,0.0,0.0,0.0,0.0,0.0,0.0,0.9834414845753612,0.0
0.0,0.0,0.2822925437075939,0.0,0.0,0.0,0.0,0.0,0.0,0.0,0.0,0.0
0.0,0.0,1.719620613614075,0.0,0.0,0.0,0.0,0.0,0.0,0.0,0.0,0.0
0.0,0.0,2.1708610103626818,0.0,0.0,0.0,0.0,0.0,0.0,0.0,0.0,0.0
0.0,0.0,1.515864985990677,0.0,0.0,0.0,0.0,0.4050086009842252,0.1128622179378628,0.0,0.9803596228665764,0.0
0.0,0.0,2.9780365463316314,0.0,0.0,0.0,0.0,0.0,0.0,0.0,0.0915672846829344,0.0
0.0,0.0,1.7558434642639336,0.0,0.0,0.0,0.0,1.2319167970762686,0.0,0.0,1.2885376100896668,0.0
0.0,0.0,2.0586461339757305,0.0,0.0,0.0,0.0,0.0,0.0,0.0,1.546027609521641,0.0
0.0,0.0,1.23065463652985,0.0,0.0,0.0,0.0,1.5002638638376344,1.640361371937292,0.0,0.7144656203066774,0.0
0.0,0.0,0.0,0.0,0.0,0.0,0.0,0.0,0.0,0.0,0.0,0.0
0.0,0.0,0.0,0.0,0.0,0.0,0.0,0.0,0.0,0.0,0.0,0.0
0.0,0.0,1.0955673585537322,0.0,0.0,0.0,0.0,2.9348339293929717,0.0,0.0,0.0,0.0
0.0,0.0,1.7431462491297938,0.0,0.0,0.0,0.0,0.6385613549559291,0.0,0.0,0.6058702003187494,0.0
3.9591916862258976,0.0,0.5461075948867191,0.0,0.0,0.0,0.0,1.2536978986251757,0.0,2.131883275565341,0.700441495760542,1.2025705193593306
0.0,0.0,2.5186148396580244,0.0,0.0,0.0,0.0,0.0,0.453627245241073,0.0,0.0,0.0
0.0,0.0,0.0,0.0,0.0,0.0,0.0,0.0,0.0,0.0,0.0,0.0
0.0,0.0,0.2202437170513411,0.0,0.0,0.0,0.0,0.0,0.0,0.0,0.0,0.0
1.80457989217136,0.0,0.9808522696920294,0.0,0.0,0.0,0.0,0.3004262291589447,0.1902820892354054,0.0,0.7110014050804588,0.0
0.0,0.0,0.5600028894842171,0.0,0.0,0.0,0.0,0.0,0.0,0.0,0.0,0.0
0.0,0.0,1.645020894871796,0.0,0.0,0.0,0.0,0.0,0.0,0.0,0.0,0.0
0.0,0.0,1.9447170106363556,0.0,0.0,0.0,0.0,0.0,0.034369736504535,0.0,1.0926383487111413,0.0
0.0,0.0,2.118496009133603,0.0,0.0,0.0,0.0,0.0,1.1922715792946317,0.2170772384139377,0.7361138378111175,0.0
0.0,0.0,1.6685130079647057,0.0,0.0,0.0,0.0,0.5061495409375835,0.0,0.0,1.0657167159940792,0.0
0.0,0.0,2.4255915974817306,0.0,0.0,0.0,0.0,0.152512689372734,0.0,0.0,0.7944817751610032,0.0
0.0,0.0,0.0,0.0,0.0,0.0,0.0,0.0,0.0,0.0,2.1430780639373945,0.0
0.0,0.0,0.0,0.0,0.0,0.0,0.0,0.0,0.0,0.0,0.0,0.0
0.0,0.0,0.0,0.0,0.0,0.0,0.0,0.0,0.0,0.0,0.0,0.0
0.0,0.0,1.0038076640150122,0.0,0.0,0.0,0.0,0.0,0.0,0.0,1.0070386242191252,0.0
0.0,0.0,2.7870346910817863,0.0,0.0,0.0,0.0,0.0,0.0,0.0,0.3280266943139895,0.0
0.0,0.0,1.2772505479329062,0.0,0.0,0.0,0.0,4.4559517107241495,0.0,0.0,0.2657757174428307,0.0
0.0,3.013145366676788,1.383928012449301,0.0,0.0,0.0,0.0,0.0,0.0,0.0,1.626442874979214,0.0
0.0,0.0,1.4413053051257356,0.0,0.0,0.0,0.0,0.0,0.0,0.0,1.0690040627177932,0.0
0.0,0.0,0.0,0.0,0.0,0.0,0.0,0.0,0.0,0.0,0.0,0.0
0.0,0.0,0.0,0.0,0.0,0.0,0.0,0.0,0.0,0.0,0.0,0.0
0.0,0.0,0.0,0.0,0.0,0.0,0.0,0.0,0.0,0.0,0.0,0.0
0.0,0.0,0.0,0.0,0.0,0.0,0.0,0.0,0.0,0.0,0.0,0.0
0.0,0.0,0.0,0.0,0.0,0.0,0.0,0.0,0.0,0.0,0.0,0.0
0.0,0.2690434938427348,1.0807387746381256,0.0,0.0,0.0,0.0,0.967628599630896,0.8545713882063323,1.4738401976525244,1.537946178409776,0.5432660316780873
0.0,0.3100875495513081,0.92071957979848,0.0,0.0,0.0,0.0,0.6292716578465164,0.7122104624056043,0.7297344094457069,1.4739415713174375,0.0
0.0,0.0,0.7155260855895019,0.0,0.0,0.0,0.0,0.0,0.0,0.0,1.024184060364912,0.0
0.0,0.0,0.0,0.0,0.0,0.0,0.0,0.0,0.0,0.0,0.0,0.0
0.0,0.0,1.269748892853644,0.0,0.0,0.0,0.0,0.0,0.0,0.0,0.0,0.0
0.0,0.0,1.2773597753282913,0.0,0.0,0.0,0.0,0.3905766257815212,2.310931249341315,1.323835242025165,0.6036508955556771,0.0
0.0,0.3011481368569925,0.9482371912473252,0.0,0.0,0.0,0.0,0.3526179223725392,1.5015427559119647,0.7244148355304194,1.678323015981144,0.6345321672229587
0.0,0.0,1.495330296200512,0.0,0.0,0.0,0.0,0.0,0.0,0.0,1.1143684041576998,0.0
0.0,0.0,2.551286556859508,0.0,0.0,0.0,0.0,0.0,0.0,0.0,0.0,0.0
0.0,0.0,1.072513616686189,0.0,0.0,0.0,0.0,2.267706259902833,0.0,0.6845009327214966,1.6428725773792792,0.0
0.0,0.0,0.0,0.0,0.0,0.0,0.0,0.0,0.0,0.0,0.0,0.0
0.0,0.0,0.0,0.0,0.0,0.0,0.0,0.0,0.0,0.0,0.0,0.0
0.0,0.0,0.0,0.0,0.0,0.0,0.0,0.0,0.0,0.0,0.0,0.0
0.0,0.0,1.9026241453774244,0.0,0.0,0.0,0.0,0.0,0.4479169454672097,0.0,0.5328737906417916,0.0
0.0,0.0,1.3450957605304512,0.0,0.0,0.0,0.0,0.4147693599165797,0.5061889133831182,1.3666945037677505,1.3544933793427385,0.0
0.0,0.0554521196571067,0.8557640231182523,0.0,0.0,0.0,0.0,0.8679470677829981,0.947551628883998,1.5070800419191204,1.7572066232809649,0.0
0.0,0.0,1.5559316804376753,0.0,0.0,0.0,0.0,0.6984582070106189,0.395017313901249,0.8219533594912324,0.9839276148198376,0.5947565687560464
0.0,0.0,1.386006433484195,0.0,0.0,0.0,0.0,1.0075182810115464,0.0,0.0,1.101932447002622,0.0
0.0,0.0,2.0645146229292384,0.0,0.0,0.0,0.0,0.1990511185728347,0.0,0.0,0.941989004029151,0.0
0.0,0.0,0.0,0.0,0.0,0.0,0.0,0.0,0.0,0.0,0.0,0.0
0.0,0.1727090247612545,1.0038160474875877,0.8614506906446874,2.432991346882223,0.0,0.0,0.5134896092800162,0.0,1.1650913339492692,0.6681532578438713,1.3747537155015082
0.0,0.0,1.6391236240580538,0.0,0.0,0.0,0.0,0.2338432631993328,0.0,0.3828369402943877,0.7376016972819781,0.0
0.0,0.0,0.908722914379662,0.0,0.0,0.0,0.0,0.3093516730330431,0.0,0.0,1.9012663189918917,0.0
1.864142976370317,0.2223939785287399,1.0916561696275204,1.2903787176180108,1.1934912764834862,1.393471834670084,0.0,0.6362245346464708,0.4680063285697068,0.8973835593905382,0.8482025496867965,0.9595014773375814
0.0,0.0,1.0649644754540155,0.0,0.0,0.0,0.0,0.5215876532973355,0.5340818887366595,1.3196917827387007,0.6103581277285178,3.81965885267772
0.0,0.0,1.5182653469910827,0.0,0.0,0.0,0.0,0.361099144590463,0.6602660712403757,0.3915569025708233,0.674668647973992,0.0
0.0,0.0,1.4403895611699258,0.0,0.0,0.0,0.0,0.1529235271760203,0.4448485623115069,0.7034882158725551,1.038292860565991,0.0
0.0,0.0,1.3385576578080918,0.0,0.0,0.0,0.0,0.3695504011659845,0.4346517498761112,0.2779776308321944,1.230646988448864,0.0
0.0,0.0,1.0869152059986131,0.0,0.0,0.0,0.0,0.5215876532973355,0.2712134591240849,0.3711633138952596,1.021003485722337,1.7904650871926815
0.0,0.0,1.0418734722758722,0.0,0.0,0.0,0.0,0.556407537509283,0.515709180711318,1.1650684948428858,1.165515971185387,0.5854381756488332
0.0,0.0,0.0,0.0,0.0,0.0,0.0,0.0,0.0,0.0,0.0,0.0
0.0,0.0,0.0,0.0,0.0,0.0,0.0,0.0,1.297818989630083,5.130961651288069,1.046943706150799,0.0
0.0,0.0,1.835364308761176,0.0,0.0,0.0,0.0,0.0,0.0,0.0,0.0,0.0
1.694635433643778,0.0,1.3949071987280317,0.0,0.0,0.0,0.0,0.4711739767704554,0.4578908386241342,1.192137930131986,0.7948136126445056,0.0
0.0,0.0,0.0,0.0,0.0,0.0,0.0,0.0,0.0,0.0,0.0,0.0
0.0,0.0,0.3996510517529496,0.0,0.0,0.0,0.0,0.0,0.0,0.0,0.0,0.0
0.0,0.0,0.0,0.0,0.0,0.0,0.0,0.0,0.0,0.0,0.0,0.0
0.0,0.0,1.8018005546758915,0.0,0.0,0.0,0.0,0.0,0.0,0.1176067877748405,1.1367227522840264,0.0
0.0,0.0,0.0,0.0,0.0,0.0,0.0,0.0,0.0,0.0,0.0,0.0
0.0,0.0,0.0,0.0,0.0,0.0,0.0,0.0,0.0,0.6298131353768435,0.0,0.0
0.0,8.179434762255939,0.8178985333160322,0.0,0.0,0.0,0.0,0.0,0.0,0.0,0.0,0.0
0.0,0.0,1.9901540697410345,0.0,0.0,0.0,0.0,0.0,0.0,0.0,0.0,0.0
0.0,0.0,0.600664682867294,0.0,0.0,0.0,0.0,1.2290501794060849,0.0,7.515044842795656,0.0,0.0
0.0,0.0,1.032831926625662,0.0,0.0,0.0,0.0,0.6778391270221839,0.0,0.0,1.1142440465632173,0.0
0.0,0.0,0.4065815158587156,0.0,0.0,0.0,0.0,0.2352044532614289,0.6773585540866819,0.0,2.941232092848709,0.0
0.0,0.0,1.496928336932874,0.0,0.0,0.0,0.0,0.0,0.0,0.0,0.3609439491260634,0.0
0.0,0.0,1.0507810928022,0.0,0.0,0.0,0.0,0.0,0.0,0.0,2.275481973716219,0.0
0.0,0.4787337403886887,0.708487004946933,0.0,0.0,0.0,0.0,0.9559379350044476,0.4125500504986081,0.0,0.0,0.0
0.0,0.0,1.8905951791637117,0.0,0.0,0.0,0.0,2.1515490698515087,0.0,0.0,0.0,0.0
0.0,0.0,1.7799869373761408,0.0,0.0,0.0,0.0,0.0,0.0,0.9215089172571962,0.0,0.0
0.0,0.0,0.0,0.0,0.0,0.0,0.0,0.0,0.0,0.0,1.5107412787168817,0.0
0.0,0.0,0.0,0.0,0.0,0.0,0.0,0.0,0.0,0.0,0.0,0.0
0.0,0.0,2.588334281586274,0.0,0.0,0.0,0.0,0.0,0.0,0.0,0.0,0.0
0.0,0.0,1.0313620201728777,0.0,0.0,0.0,0.0,1.0767347378074514,0.7079067441057248,1.3844771533139244,1.171492495122278,0.0
0.0,0.0,0.0,0.0,0.0,0.0,0.0,0.0,0.0,0.0,0.0,0.0
0.0,0.0,0.0,0.0,0.0,0.0,0.0,0.0,0.0,0.0,0.0,0.0
0.0,0.0,0.6463832635022,0.0,0.0,0.0,0.0,0.0,0.0,0.0,2.250375029755355,0.0
0.0,0.0,0.0,0.0,0.0,0.0,0.0,0.0,0.0,0.0,0.0,0.0
0.0,0.0,0.0,0.0,0.0,0.0,0.0,0.0,0.0,0.0,0.0,0.0
0.0,0.0,0.7616137607784472,0.0,0.0,0.0,0.0,0.0,0.0,0.4363062628646317,0.7913406698040808,0.0
0.0,0.0,1.4661818328609395,0.0,0.0,0.0,0.0,0.0,0.0,0.0,1.420661159368102,0.0
0.0,0.0,0.0,0.0,0.0,0.0,0.0,0.0,0.0,0.0,0.0,0.0
0.0,0.0,0.6893387075159348,0.0,0.0,0.0,0.0,0.7934009374100315,0.0,11.291728986109309,0.7168041806588021,0.0
0.0,0.0,1.7328973358582531,0.0,0.0,0.0,0.0,0.0,0.0,1.9307805885388876,0.907313009344334,0.0
0.0,0.0,0.0,0.0,0.0,0.0,0.0,0.0,0.0,0.0,0.0,0.0
0.0,0.0,0.0,0.0,0.0,0.0,0.0,0.0,0.0,0.0,0.0,0.0
0.0,0.0,2.267694568158253,0.0,0.0,0.0,0.0,0.0,0.0,0.0,0.6850372398270659,0.0
0.0,0.0,0.2031768607484696,0.0,0.0,0.0,0.0,0.0,0.0,0.0,0.5544494822105159,0.0
0.0,0.0,0.4524938779966755,0.0,0.0,0.0,0.0,0.0,0.3860832930626455,0.0,1.2068739733257017,0.0
0.0,0.0,1.8368546573675597,0.0,0.0,0.0,0.0,0.0,0.0,0.0,0.5136244329133368,0.0
0.0,0.0,0.2334537848786191,0.0,0.0,0.0,0.0,0.0,0.0,0.0,3.6580274845304928,0.0
0.0,0.0,0.0,0.0,0.0,0.0,0.0,0.0,0.0,0.0,0.0,0.0
0.0,0.0,0.0,0.0,0.0,0.0,0.0,0.0,0.0,0.0,0.0,0.0
0.0,0.1877639840136372,0.6701361656162935,0.0,0.0,0.0,0.0,0.0,0.1361681869300265,2.725369149055277,2.85600003776317,0.0
0.0,0.6536773389759815,0.7119117811853163,0.0,0.0,0.0,0.0,0.0,1.116688527510102,1.806078103194823,1.4251046620053407,0.0
0.0,0.0,0.0,0.0,0.0,0.0,0.0,0.0,0.0,0.0,0.0,0.0
0.0,0.4156397555820273,0.5735513464878675,0.0,0.0,0.0,0.0,1.0141194726474008,0.5877803395063781,1.1134899416857789,0.4083038306495919,0.0
0.0,0.0,0.5561710026549019,0.0,0.0,0.0,0.0,0.0,0.0,0.0,0.550791091198863,0.0
0.0,0.0,0.4214540264562701,0.0,0.0,0.0,0.0,0.0,0.0,2.903321922025142,0.818597959541777,0.0
0.0,0.0,0.6454047743042993,0.0,0.0,0.0,0.0,0.2428693673000473,0.0,0.0475654685195353,0.5545230451234272,0.0
0.0,0.0,0.6784420596588006,0.0,2.9810192291674107,0.0,0.0,0.0,0.1262469834270508,0.6747373550656237,0.0,0.7133993187880567
0.0,0.0,1.2116696257038104,0.0,0.0,0.0,0.0,2.2571280245723275,0.0,0.0,1.209659564231138,0.0
0.0,0.0,0.3754780586617271,0.0,0.0,0.0,0.0,0.0,0.0,0.0,0.0,0.0
0.0,0.0,0.0,0.0,0.0,0.0,0.0,0.0,0.0,0.0,0.0,0.0
0.0,0.0,0.7185076165559008,0.0,0.0,0.0,0.0,0.0,0.0,0.0,0.0,0.0
0.0,0.0,0.611788102920392,0.0,0.0,0.0,0.0,0.0,0.0,0.0,0.0,0.0
0.0,0.0,1.296561857772297,0.0,0.0,0.0,0.0,0.0,5.15347250300717,0.0,1.1601283896039376,0.0
0.0,0.0,1.026322103917188,0.0,0.0,0.0,0.0,0.0,0.1475062499579562,0.0,1.8404174988405877,0.0
0.0,0.0,0.760887942424747,0.0,0.0,0.0,0.0,0.0,0.2821170401655356,0.0,0.7640263677580205,0.0
0.0,0.0,0.832730238881763,0.0,0.0,0.0,0.0,0.9677139973689972,0.7756205694825472,0.6375371609037346,0.5506701710910258,0.0
0.0,0.2375393842066529,0.9506866874090094,0.4687185337117905,1.6224346076208165,0.2497963000138929,0.0,0.5379722350432362,0.7017872559223631,0.4130844527366008,1.1905533671337372,1.3626823773942562
0.0,0.243133296567647,0.8085786679069301,0.0,1.949854915523906,0.0,0.0,0.5986287301462185,0.6921649768075345,0.9895920610516944,0.9150274002313528,0.0
1.597718313989491,0.3829204090369053,0.7401019359112059,1.7171435427768995,1.8540364101517144,1.194315832262994,0.0,1.1532672986174854,0.9586732762218816,1.550151449276491,0.6002412532559827,1.4439266705949991
2.02234991648084,0.4928764914145368,0.7585745110291156,1.399891169766709,1.78032393122703,1.1661945228297752,0.0,0.8623782342754494,0.9149209979224212,1.4512818033261328,0.7768354323280231,1.5154046234005325
1.9523942108626908,0.2529392038252556,0.8335617451306634,0.7468634079925015,2.1191285645211555,0.729720407043936,0.0,0.8846295384458764,0.7301888412498483,1.16786952898719,1.0146010278611286,1.0122289089690826
0.0,0.0313352993708959,1.2004676923501931,0.0,0.0,0.0,0.0,0.7284863152583015,1.0639752351320744,1.003709243209716,1.5142876197467334,0.0
0.0,0.5592442841119745,0.6947804783529139,1.7388713734176222,2.228178212009766,1.27421886602198,0.0,1.0307866517175166,1.0122906237160372,1.593938375079871,0.9015261314624532,0.9879112121564496
0.0,0.3581959079644773,1.06817393984873,0.0,0.0,0.0,0.0,1.0505632336951998,0.6093526365118687,1.5140939716973765,0.8796846270161558,0.8764656290846895
0.0,0.5726782199107563,0.9218983447627798,1.6143181382125518,0.0,0.0,0.0,1.384820048026211,0.8677045291704936,1.9864605583828585,0.8455510057523957,0.0
1.924951072029209,0.0,0.8228616961394076,0.5236376082478134,1.6535005940201968,0.0,0.0,0.99729778138128,0.4172253728870213,1.419917358231024,1.134646876242858,1.000017034623476
3.624304226900695,0.4413908169997124,0.8440009605954172,0.0,2.7071446710106875,0.0,0.0,1.186012914829807,0.5360870548383653,1.4584226326909142,0.7935543730912242,1.3159602054278368
0.0,0.0,1.4312874305127574,0.0,0.0,0.0,0.0,1.2053808820851404,0.4114182880425052,1.7282126341713655,0.5531482570670465,0.0
0.0,0.0,1.1604820368471525,0.0,0.0,0.0,0.0,1.1930236931773308,0.3817505213000294,2.165461102062951,0.8926264461418039,3.3237362944571323
0.0,0.6089798144161356,1.049417548805052,0.0,3.812816565507753,0.0,0.0,1.7661989348217004,0.5980512191394246,4.350516772824064,0.7236671271225938,0.9124599780782876
0.0,0.3792283389773208,0.6699332531979499,0.0,9.497379444992038,0.0,0.0,1.6876162501314615,0.3475946176695201,1.4723833939646662,0.6542730537877404,0.0
0.0,0.5762238888604748,1.0012940487311566,0.0,3.3672165717489566,0.0,0.0,1.1671861006812705,0.4979771482465085,2.296893441870037,0.7486516665303257,2.0145542713997187
0.0,0.6322128094220468,0.7768667148858129,0.3806918192330671,0.0,0.0,0.0,1.1313844250827374,0.0,1.9446775287773752,0.953731929362188,0.0
0.0,0.0,1.5120899134680146,0.0,0.0,0.0,0.0,0.0,0.0,1.7208480916962037,0.0,0.0
0.0,0.0,0.0,0.0,0.0,0.0,0.0,0.0,0.0,0.0,0.0,0.0
0.0,0.0,0.9720428442485144,0.0,0.0,0.0,0.0,0.0,0.0,1.6635271417956212,0.0,0.0
3.2355775905769613,0.8974671921160443,0.6523166523252131,0.0,2.537627883251816,0.0,0.0,1.1683892511244098,0.972340725669226,2.3716984499250406,0.6956995360126965,1.8435577427750511
0.0,0.2475788642803643,0.6931827301150909,1.9620582830263595,4.083160764151729,0.0,0.0,0.6643910633098511,0.5870841922428489,1.364497741410445,0.8840490566040654,1.7982404981516704
0.0,0.663478240358979,1.12311216415285,0.0,3.560597716015605,0.0,0.0,0.7745031226731154,0.223395987542832,1.5732034497558949,0.8522542864282331,1.7308291470305706
0.0,0.5392659392936047,1.1887709531906656,0.0,0.0,0.0,0.0,0.8237574235969938,0.5344028514101792,1.5703063280184062,0.5204269669404642,0.6886404181510314
0.0,0.4324556083659249,1.1129972050773205,0.0,0.0,0.0,0.0,0.3792087953962452,0.3458229664951695,0.4557400771086863,1.6738413343037006,0.8099579526041616
0.0,0.0,0.0788017462778022,0.0,0.0,0.0,0.0,1.2862571403327734,0.0,0.0,0.1475655757216626,0.0
0.0,0.9280842897103472,1.166160519569042,0.0,0.9578120627138162,0.0,0.0,1.8874186994129951,0.3635700805348113,0.0,0.8604790976355633,0.6590009855845043
0.0,1.854005212778013,1.7612081750738555,0.0,0.0,0.0,0.0,2.0057416122252083,0.0,0.0,0.4993839226869692,0.0
0.0,0.0,1.6694921822651545,0.0,0.0,0.0,0.0,0.7934009374100315,0.0,0.501854621604858,0.768004479277288,0.0
0.0,0.5913637316619523,1.0244414158097477,0.0,0.0,0.0,0.0,0.8608648885926243,0.5838904661345141,1.7499361257005344,0.5647191417809033,1.9756856134539933
0.0,0.118899279331405,0.9341572920772228,1.4523783953083866,0.0,0.0,0.0,1.634269365661779,0.2001695029968046,3.640326916516305,0.672815325173514,0.0
0.0,0.4914230684471841,0.9981482602867844,0.0,0.0,0.0,0.0,0.6504135194731835,0.6696132114055258,1.3952163124737471,1.0414154447245974,0.0
0.0,0.2278279933102297,0.9692512937262812,0.0,0.0,0.0,0.0,0.7532474370231663,0.69562629211723,1.4715858944960327,0.9122920281035196,1.280115864641484
0.0,0.6267276757480491,0.5453924948515122,1.158685931318009,0.0,2.54720302384045,0.0,1.1384820206523236,0.5988459715901083,1.1640470708210136,0.4374610970186318,5.044233866908285
0.0,1.0244456710605951,0.5463410035382107,1.459944273460691,0.0,0.0,0.0,0.6812177350971713,0.9222227962487668,1.5247043666618292,0.5996705982689762,1.4390342654274204
0.0,0.3264292714571044,1.2403630745184775,1.1962195838187826,0.0,0.0,0.0,0.912380841705324,0.4671181153394182,1.9010803882440128,0.7444075936843171,3.930289215788813
1.9178722816247131,0.4015509046299125,0.8628866230980773,0.0,0.0,0.0,0.0,0.9105937329423902,0.8311574494171715,1.5897005240761517,1.0641926540228506,1.0863315472929718
0.0,0.0,1.6221654244101305,0.0,0.0,0.0,0.0,0.0,0.0,0.0,0.3304746547193178,0.0
7.445938992471119,0.0,0.8466214672900162,0.0,0.0,0.0,0.0,0.0,0.6869882733976541,0.0,0.219916588137477,1.403776620085732
0.0,0.4631468902084239,0.9290496806850423,0.0,0.0,0.0,0.0,1.0143799031934877,0.7415194903453047,1.3677246079859573,1.3023568643034626,2.917754391975105
0.0,0.0,0.0,0.0,0.0,0.0,0.0,0.0,0.0,1.348296417265366,0.0,0.0
0.0,0.0,0.0,0.0,0.0,0.0,0.0,0.0,0.0,0.0,0.0,0.0
1.783787993413733,0.2305415177628311,1.3317474356325056,0.0,0.0,0.0,0.0,1.4776804995154078,0.6426398378603067,1.3632989894726752,0.3470143524144489,2.2419736743977925
0.0,0.0,2.123788487181652,0.0,0.0,0.0,0.0,0.0,0.0,0.0,1.0638347974241869,0.0
0.0,0.0,0.9622494996264443,0.0,0.0,0.0,0.0,0.0,0.0,0.0,1.7895239029282266,0.0
0.0,0.0,0.8046881780501846,0.0,0.0,0.0,0.0,0.0,0.1525316652434996,0.0,0.7222293778634098,0.0
0.0,0.0,1.7044616537529498,0.0,0.0,0.0,0.0,0.258081260844001,0.0,0.6353345283912913,0.528148366795938,0.0
0.0,0.0,0.0,0.0,0.0,0.0,0.0,0.0,0.0,0.0,0.8028891163148217,0.0
0.0,0.0,0.0,0.0,0.0,0.0,0.0,0.0,0.0,0.0,2.303506504182176,0.0
0.0,0.3522783014008642,0.9510991515989288,1.8724516112312264,0.0,0.0,0.0,0.3111993561689984,0.9705479700781732,1.419500404962636,0.9164423198098728,0.0
